sl_no,customer_id,date,amount
1,A1,1/12/2004,495414.75
2,A1,1/3/2004,245899.02
3,A1,1/15/2004,259490.06
4,A1,1/25/2004,437555.12
5,A1,1/17/2005,165972.88
6,A1,2/23/2005,365366.62
7,A1,2/1/2005,14473.41
8,A8,2/5/2004,156913.59
9,A9,2/28/2005,417294.81
10,A10,2/16/2005,48759.19
11,A11,2/23/2005,208317.94
12,A12,2/3/2005,150281.43
13,A13,2/4/2006,339078.03
14,A14,3/25/2006,137834.5
15,A15,3/31/2006,437119.51
16,A16,3/23/2006,103923.7
17,A17,3/19/2004,408466.94
18,A18,3/5/2006,213352.06
19,A19,4/4/2005,347826.27
20,A20,4/30/2006,471099.22
21,A21,4/25/2004,380802.6
22,A22,4/19/2006,219264.02
23,A23,4/6/2004,80345.51
24,A24,4/27/2005,242730.35
25,A25,5/5/2004,246473.42
26,A26,5/6/2006,470982.16
27,A27,5/7/2005,357375.59
28,A28,5/8/2006,326050.15
29,A29,5/9/2005,215083.37
30,A30,5/10/2006,481343.32
31,A31,7/11/2006,130109.14
32,A32,8/12/2005,99528.43
33,A33,9/13/2004,2273.98
34,A34,11/20/2005,73899.28
35,A35,11/21/2006,135040.11
36,A36,11/22/2005,472033.29
37,A37,11/23/2004,345181.82
38,A38,5/24/2005,337727.51
39,A39,5/25/2005,27105.36
40,A40,5/26/2005,77876.87
41,A41,5/27/2005,493499.91
42,A42,5/28/2005,307896.6
43,A43,5/29/2005,214029.49
44,A44,5/30/2005,193865.45
45,A45,5/31/2005,412236.42
46,A46,6/1/2005,58285.12
47,A47,6/2/2005,165210.56
48,A48,6/3/2005,67748.66
49,A49,7/3/2005,172212.79
50,A50,8/3/2005,314859.52
51,A51,9/3/2005,205161.39
52,A52,10/3/2005,458495.13
53,A53,11/3/2005,384469.34
54,A54,12/3/2005,215719.14
55,A55,1/3/2006,465702.01
56,A56,2/3/2006,244372.73
57,A57,3/3/2006,167016.85
58,A58,4/3/2006,338653.47
59,A59,5/3/2006,426385.83
60,A60,6/3/2006,448060.59
61,A61,7/3/2006,141695.73
62,A60,8/3/2006,305642.34
63,A61,9/3/2006,117439.14
64,A62,10/3/2006,113270
65,A63,11/3/2006,211117.12
66,A64,12/3/2006,212614.48
67,A65,1/12/2004,468922.6
68,A66,1/3/2004,477039.78
69,A67,1/15/2004,67845.6
70,A68,1/25/2004,105098.26
71,A69,1/17/2005,140533.08
72,A70,2/23/2005,327639.37
73,A71,2/1/2005,30997.74
74,A72,2/5/2004,327006.94
75,A73,2/28/2005,100712.38
76,A74,2/16/2005,326559.01
77,A75,2/23/2005,481338.08
78,A76,2/3/2005,265619.05
79,A77,2/4/2006,3159.62
80,A78,3/25/2006,55344.81
81,A79,3/31/2006,193230.31
82,A80,3/23/2006,481205.64
83,A81,3/24/2006,207780.32
84,A82,3/25/2006,342200.74
85,A83,3/26/2006,132844.13
86,A84,3/27/2006,464121.13
87,A85,3/28/2006,270527.39
88,A86,3/29/2006,295851.47
89,A87,3/30/2006,462283.02
90,A88,3/31/2006,146821.3
91,A89,4/1/2006,497237.97
92,A90,4/2/2006,109931.32
93,A91,4/3/2006,247781
94,A92,4/4/2006,459105.69
95,A93,1/12/2004,342326.14
96,A94,1/3/2004,153465.89
97,A95,1/15/2004,369405.96
98,A96,1/25/2004,310992.3
99,A97,1/12/2004,121874.9
100,A98,1/3/2004,337815.57
101,A99,1/15/2004,25682.73
102,A100,1/25/2004,69551.19
103,A1,1/12/2004,350446.82
104,A2,1/3/2004,185955.07
105,A3,1/15/2004,84876.34
106,A4,1/25/2004,299143.09
107,A5,1/12/2004,185530.18
108,A6,1/3/2004,478981.53
109,A7,1/15/2004,192775.99
110,A8,1/12/2004,350999.98
111,A9,1/3/2004,40869.43
112,A10,1/15/2004,397059.17
113,A11,1/25/2004,458474.93
114,A12,1/17/2005,13379.96
115,A13,2/23/2005,462058.63
116,A14,2/1/2005,262549.83
117,A1,2/5/2004,117964.43
118,A2,2/28/2005,412783.34
119,A3,2/16/2005,435829.71
120,A4,2/23/2005,167988.37
121,A5,2/3/2005,165348.26
122,A6,2/4/2006,387298.06
123,A7,3/25/2006,94582.65
124,A8,3/31/2006,155642.95
125,A9,3/23/2006,102190.34
126,A10,3/19/2004,11900.61
127,A11,3/5/2006,149947.54
128,A12,4/4/2005,171574.18
129,A13,4/30/2006,160898.98
130,A14,4/25/2004,453661.84
131,A1,4/19/2006,79849.19
132,A2,4/6/2004,148038.67
133,A3,4/27/2005,336323.41
134,A4,5/5/2004,257762.74
135,A5,5/6/2006,31781.24
136,A6,5/7/2005,218856.15
137,A7,5/8/2006,85745.75
138,A8,5/9/2005,145457.38
139,A9,5/10/2006,170988.06
140,A10,7/11/2006,358194.65
141,A11,8/12/2005,332677.61
142,A12,9/13/2004,289407.01
143,A13,11/20/2005,137903.91
144,A14,11/21/2006,22692.95
145,A1,11/22/2005,402099.78
146,A2,11/23/2004,179144.68
147,A3,5/24/2005,136493.67
148,A4,5/25/2005,26925.53
149,A5,5/5/2004,8797.07
150,A6,5/6/2006,54065.23
151,A7,5/7/2005,67065.56
152,A8,5/8/2006,361184.89
153,A9,5/9/2005,136969.63
154,A10,5/10/2006,14301.86
155,A11,7/11/2006,128484.37
156,A12,8/12/2005,120471.17
157,A13,9/13/2004,439840.91
158,A14,11/20/2005,397945.07
159,A1,11/21/2006,169358.4
160,A2,11/22/2005,10274
161,A3,11/23/2004,233364.46
162,A4,5/24/2005,358341.19
163,A5,5/25/2005,326532.48
164,A6,5/26/2005,119216.68
165,A7,5/27/2005,401337.63
166,A8,5/28/2005,355979.34
167,A9,5/29/2005,203517.42
168,A10,5/30/2005,192550.99
169,A11,5/31/2005,354172.42
170,A12,6/1/2005,450664.18
171,A13,6/2/2005,210782.51
172,A14,6/3/2005,9887.74
173,A1,7/3/2005,297176.74
174,A2,8/3/2005,381635.66
175,A3,9/3/2005,369413.74
176,A4,10/3/2005,373214.8
177,A5,11/3/2005,81884.13
178,A6,12/3/2005,27398.18
179,A7,1/3/2006,94004.28
180,A8,2/3/2006,490957.38
181,A9,3/3/2006,274545.23
182,A10,4/3/2006,18330.89
183,A11,5/3/2006,379240.77
184,A12,6/3/2006,75561.64
185,A13,7/3/2006,424603.55
186,A14,8/3/2006,198623.13
187,A1,9/3/2006,186427.5
188,A2,10/3/2006,298423.86
189,A3,11/3/2006,233945.84
190,A4,12/3/2006,277825.13
191,A5,1/12/2004,213056.83
192,A6,1/3/2004,192714.74
193,A7,1/15/2004,441906.93
194,A8,1/25/2004,103325.39
195,A9,1/17/2005,429340.01
196,A10,2/23/2005,179019.64
197,A11,2/1/2005,92573.47
198,A12,2/5/2004,412914.78
199,A13,2/28/2005,464781.64
200,A14,2/16/2005,335634.81
201,A1,2/23/2005,96670.7
202,A2,2/3/2005,431953.19
203,A3,2/4/2006,288900.12
204,A4,3/25/2006,271095.26
205,A5,3/31/2006,175514.06
206,A6,3/23/2006,197962.09
207,A7,3/24/2006,86674.88
208,A8,3/25/2006,31802.4
209,A9,3/26/2006,299793.75
210,A10,3/27/2006,458643.68
211,A11,3/28/2006,358690.48
212,A12,3/29/2006,239672.94
213,A13,3/30/2006,113956.32
214,A14,3/31/2006,267810.55
215,A1,4/1/2006,429099.97
216,A2,4/2/2006,339899.24
217,A3,4/3/2006,79705.12
218,A4,4/4/2006,100644.99
219,A5,1/12/2004,333037.8
220,A6,1/3/2004,385541.49
221,A7,1/15/2004,158436.47
222,A8,1/25/2004,475525.36
223,A9,1/12/2004,39314.91
224,A10,1/3/2004,307678.72
225,A11,1/15/2004,69513.3
226,A12,1/25/2004,219352.84
227,A13,1/12/2004,465305.81
228,A14,1/3/2004,312439.76
229,A1,1/15/2004,453027.64
230,A2,1/25/2004,298200.38
231,A3,1/12/2004,327273.46
232,A4,1/3/2004,15557.49
233,A5,1/15/2004,156388.37
234,A6,1/12/2004,187436.58
235,A7,1/3/2004,110225.07
236,A8,1/15/2004,168524.22
237,A9,1/25/2004,184923.45
238,A10,1/17/2005,211299.62
239,A11,2/23/2005,442370.14
240,A12,2/1/2005,400450.57
241,A13,2/5/2004,269503.29
242,A14,2/28/2005,177114.2
243,A1,2/16/2005,187398.64
244,A2,2/23/2005,132970.25
245,A3,2/3/2005,104406.96
246,A4,2/4/2006,357358.11
247,A5,3/25/2006,175413.18
248,A6,3/31/2006,236055.93
249,A7,3/23/2006,47988.31
250,A8,3/19/2004,371681.75
251,A9,3/5/2006,309755.6
252,A10,4/4/2005,3121.88
253,A11,4/30/2006,116375.65
254,A12,4/25/2004,429751.89
255,A13,4/19/2006,333493.42
256,A14,4/6/2004,358920.36
257,A5,4/27/2005,7276.6
258,A6,5/5/2004,48574.15
259,A7,5/6/2006,400375.97
260,A8,5/7/2005,470274.39
261,A9,5/8/2006,87585.98
262,A10,5/9/2005,26944.61
263,A11,5/10/2006,332077.52
264,A12,7/11/2006,344969.11
265,A13,8/12/2005,444905.55
266,A14,5/5/2004,212622.51
267,A15,5/6/2006,321684.83
268,A16,5/7/2005,27330.96
269,A17,5/8/2006,234053.99
270,A18,5/9/2005,402894.96
271,A19,5/10/2006,284384.54
272,A20,7/11/2006,125789.06
273,A21,8/12/2005,394173.66
274,A22,9/13/2004,3604.58
275,A5,11/20/2005,478284.25
276,A6,11/21/2006,53215.28
277,A7,11/22/2005,55108.71
278,A8,11/23/2004,453649.34
279,A9,5/24/2005,143557.98
280,A10,5/25/2005,160893.32
281,A11,5/26/2005,288831.59
282,A12,5/27/2005,198563.01
283,A13,5/28/2005,309835.5
284,A14,5/29/2005,243922.47
285,A15,5/30/2005,365542.48
286,A16,5/31/2005,398262.74
287,A17,6/1/2005,160665.44
288,A18,6/2/2005,268556.31
289,A19,6/3/2005,55869.98
290,A20,7/3/2005,12311.27
291,A21,8/3/2005,442316.54
292,A22,9/3/2005,362182.7
293,A5,10/3/2005,106289.18
294,A6,11/3/2005,339019.52
295,A7,12/3/2005,429700.12
296,A8,1/3/2006,375175.23
297,A9,2/3/2006,66920.41
298,A10,3/3/2006,249847.34
299,A11,4/3/2006,342159.77
300,A12,5/3/2006,475049.52
301,A13,6/3/2006,186555.52
302,A14,7/3/2006,41962.19
303,A15,8/3/2006,17981.25
304,A16,9/3/2006,339373.25
305,A17,10/3/2006,412459.19
306,A18,11/3/2006,195876.51
307,A19,12/3/2006,169987.85
308,A20,1/12/2004,375694.96
309,A21,1/3/2004,210427.78
310,A22,1/15/2004,429311.06
311,A5,1/25/2004,129317.21
312,A6,1/17/2005,192374.09
313,A7,2/23/2005,344628.72
314,A8,2/1/2005,190048.24
315,A9,2/5/2004,492608.93
316,A10,2/28/2005,424254.68
317,A11,2/16/2005,326527.71
318,A12,2/23/2005,458617.08
319,A13,2/3/2005,217347.65
320,A14,2/4/2006,6804.22
321,A15,3/25/2006,262100.76
322,A16,3/31/2006,13804.36
323,A17,3/23/2006,444996.81
324,A18,3/24/2006,441039.88
325,A19,3/25/2006,190212.08
326,A20,3/26/2006,179826.1
327,A21,3/27/2006,351450.1
328,A22,3/28/2006,281567.68
329,A5,3/29/2006,365777.46
330,A6,3/30/2006,255499.69
331,A7,3/31/2006,336264.37
332,A8,4/1/2006,127926.49
333,A9,4/2/2006,43323.9
334,A10,4/3/2006,457294.64
335,A11,4/4/2006,499930.66
336,A12,1/12/2004,366694.13
337,A13,1/3/2004,294101.71
338,A14,1/15/2004,238399.45
339,A15,1/25/2004,129808.72
340,A16,1/12/2004,484624.19
341,A17,1/3/2004,104323.71
342,A18,1/15/2004,406501.59
343,A19,1/25/2004,57524.44
344,A20,1/12/2004,153540.16
345,A21,1/3/2004,432751.25
346,A22,1/15/2004,363041.33
347,A5,1/25/2004,100258.65
348,A6,1/12/2004,377254.32
349,A7,1/3/2004,473662.61
350,A8,1/15/2004,493210.52
351,A9,1/12/2004,443277.34
352,A10,1/3/2004,175552.03
353,A11,1/15/2004,430568.16
354,A12,1/25/2004,330807.79
355,A13,1/17/2005,386518.41
356,A14,2/23/2005,350149.89
357,A15,2/1/2005,194420.82
358,A16,2/5/2004,50358.44
359,A17,2/28/2005,374865.01
360,A18,2/16/2005,38296.41
361,A19,2/23/2005,477491.51
362,A20,2/3/2005,220681.41
363,A21,2/4/2006,406096.67
364,A22,3/25/2006,257321.06
365,A12,3/31/2006,393141.72
366,A13,3/23/2006,170743.97
367,A14,3/19/2004,425031.99
368,A15,3/5/2006,33491.82
369,A16,4/4/2005,338710.86
370,A17,4/30/2006,391463.29
371,A18,4/25/2004,250429.66
372,A19,4/19/2006,313391.53
373,A20,4/6/2004,347978.28
374,A21,4/27/2005,18883.95
375,A22,5/5/2004,152613.38
376,A23,5/6/2006,234139.72
377,A24,5/7/2005,259373.49
378,A25,5/8/2006,452685.93
379,A26,5/9/2005,141279.81
380,A27,5/10/2006,351660.46
381,A28,7/11/2006,319405.61
382,A29,8/12/2005,192737.48
383,A30,5/5/2004,496754.84
384,A12,5/6/2006,16888.1
385,A13,5/7/2005,87254.42
386,A14,5/8/2006,301965.95
387,A15,5/9/2005,356235.03
388,A16,5/10/2006,143835
389,A17,7/11/2006,118112.45
390,A18,8/12/2005,274256.9
391,A19,9/13/2004,384470.75
392,A20,11/20/2005,277757.25
393,A21,11/21/2006,269546.03
394,A22,11/22/2005,41542.81
395,A23,11/23/2004,466178.21
396,A24,5/24/2005,380788.59
397,A25,5/25/2005,72601.74
398,A26,5/26/2005,149479.43
399,A27,5/27/2005,130828.49
400,A28,5/28/2005,76099.18
401,A29,5/29/2005,131801.93
402,A30,5/30/2005,337199.44
403,A12,5/31/2005,294136.82
404,A13,6/1/2005,439763.88
405,A14,6/2/2005,31241.24
406,A15,6/3/2005,49334.38
407,A16,7/3/2005,367100.15
408,A17,8/3/2005,98341.04
409,A18,9/3/2005,168067.16
410,A19,10/3/2005,140415.33
411,A20,11/3/2005,342030.38
412,A21,12/3/2005,489260.28
413,A22,1/3/2006,326909.16
414,A23,2/3/2006,112063.91
415,A24,3/3/2006,335283.31
416,A25,4/3/2006,456294.79
417,A26,5/3/2006,489138.12
418,A27,6/3/2006,484419.68
419,A28,7/3/2006,61054.79
420,A29,8/3/2006,341365.93
421,A30,9/3/2006,19761.75
422,A12,10/3/2006,347528.59
423,A13,11/3/2006,484688.54
424,A14,12/3/2006,388821.96
425,A15,1/12/2004,487671.4
426,A16,1/3/2004,262142.78
427,A17,1/15/2004,149552.7
428,A18,1/25/2004,355305.57
429,A19,1/17/2005,94479.51
430,A20,2/23/2005,213741.25
431,A21,2/1/2005,330195
432,A22,2/5/2004,49814.89
433,A23,2/28/2005,312943.16
434,A24,2/16/2005,86589.13
435,A25,2/23/2005,307615.7
436,A26,2/3/2005,313118.51
437,A27,2/4/2006,87030.86
438,A28,3/25/2006,395095.33
439,A29,3/31/2006,355632.86
440,A30,3/23/2006,20888.41
441,A12,3/24/2006,98470.42
442,A13,3/25/2006,494061.6
443,A14,3/26/2006,138459.02
444,A15,3/27/2006,340251.99
445,A16,3/28/2006,89550.41
446,A17,3/29/2006,169871.3
447,A18,3/30/2006,375344.31
448,A19,3/31/2006,157933.51
449,A20,4/1/2006,406103.51
450,A21,4/2/2006,410448.18
451,A22,4/3/2006,92140.92
452,A23,4/4/2006,128909.28
453,A24,1/12/2004,24111.18
454,A25,1/3/2004,86317.08
455,A26,1/15/2004,182526.38
456,A27,1/25/2004,255497.88
457,A28,1/12/2004,97077.77
458,A29,1/3/2004,156232.92
459,A30,1/15/2004,100398.67
460,A12,1/25/2004,204117.58
461,A13,1/12/2004,369976.86
462,A14,1/3/2004,302408.5
463,A15,1/15/2004,384183.76
464,A16,1/25/2004,203703.32
465,A17,1/12/2004,426479.22
466,A18,1/3/2004,457966.08
467,A19,1/15/2004,20114.19
468,A20,1/12/2004,267679.45
469,A21,1/3/2004,302056.88
470,A22,1/15/2004,483926.54
471,A23,1/25/2004,348942.77
472,A24,1/17/2005,103062.14
473,A25,2/23/2005,36151.25
474,A26,2/1/2005,324151.44
475,A27,2/5/2004,429484.76
476,A28,2/28/2005,207864.32
477,A29,2/16/2005,237536.35
478,A30,2/23/2005,299295.58
479,A12,2/3/2005,59062.67
480,A13,2/4/2006,142996.22
481,A14,3/25/2006,253549.89
482,A15,3/31/2006,301570.02
483,A16,3/23/2006,206863.77
484,A17,3/19/2004,255335.34
485,A18,3/5/2006,323868.57
486,A19,4/4/2005,115795.63
487,A20,4/30/2006,349408.06
488,A21,4/25/2004,66949.5
489,A22,4/19/2006,452164.81
490,A23,4/6/2004,24735.08
491,A24,4/27/2005,165490.33
492,A25,5/5/2004,298699.17
493,A26,5/6/2006,456060.27
494,A27,5/7/2005,81523.05
495,A28,5/8/2006,130708.63
496,A29,5/9/2005,69504.56
497,A30,5/10/2006,163228.8
498,A12,7/11/2006,358958.58
499,A13,8/12/2005,206967.38
500,A14,5/5/2004,326909.73
501,A15,5/6/2006,477194.24
502,A16,5/7/2005,2787.39
503,A17,5/8/2006,148827.7
504,A18,5/9/2005,211590.61
505,A19,5/10/2006,412244.29
506,A20,7/11/2006,99511.67
507,A21,8/12/2005,485424.14
508,A22,9/13/2004,191467.49
509,A23,11/20/2005,265581.61
510,A24,11/21/2006,103932.9
511,A25,11/22/2005,1619.24
512,A26,11/23/2004,82167.81
513,A27,5/24/2005,447235.93
514,A28,5/25/2005,400330.36
515,A29,5/26/2005,192642.32
516,A30,5/27/2005,303233.96
517,A12,5/28/2005,63596.17
518,A13,5/29/2005,235510.83
519,A14,5/30/2005,332865.97
520,A15,5/31/2005,433112.39
521,A16,6/1/2005,92055.06
522,A17,6/2/2005,97272.34
523,A18,6/3/2005,238013.48
524,A19,7/3/2005,281361.68
525,A20,8/3/2005,213205.01
526,A21,9/3/2005,449509.39
527,A22,10/3/2005,124904.98
528,A23,11/3/2005,137240.13
529,A24,12/3/2005,385470.83
530,A25,1/3/2006,349067.75
531,A26,2/3/2006,495344.76
532,A27,3/3/2006,496780.73
533,A28,4/3/2006,115326.71
534,A29,5/3/2006,403498.49
535,A30,6/3/2006,72609.24
536,A12,7/3/2006,498001.25
537,A13,8/3/2006,221431.58
538,A14,9/3/2006,462300.8
539,A15,10/3/2006,227585.03
540,A16,11/3/2006,260514.95
541,A17,12/3/2006,479227.3
542,A18,1/12/2004,1240.63
543,A19,1/3/2004,158594.82
544,A20,1/15/2004,337926.07
545,A21,1/25/2004,269674.17
546,A22,1/17/2005,446974.62
547,A23,2/23/2005,370797.38
548,A24,2/1/2005,273630.94
549,A25,2/5/2004,287936.59
550,A26,2/28/2005,165385.61
551,A27,2/16/2005,324598.4
552,A28,2/23/2005,15573.54
553,A29,2/3/2005,33109.51
554,A30,2/4/2006,314255.73
555,A12,3/25/2006,269849.09
556,A13,3/31/2006,404807.16
557,A14,3/23/2006,460200.56
558,A15,3/24/2006,364161.98
559,A16,3/25/2006,472718.78
560,A17,3/26/2006,422159.88
561,A18,3/27/2006,264902.72
562,A19,3/28/2006,48272.44
563,A20,3/29/2006,142558.46
564,A21,3/30/2006,402301.36
565,A22,3/31/2006,53130.91
566,A23,4/1/2006,184416.22
567,A24,4/2/2006,9683.68
568,A25,4/3/2006,410333.09
569,A26,4/4/2006,410658.92
570,A27,1/12/2004,108626.21
571,A28,1/3/2004,86854.18
572,A29,1/15/2004,417309.91
573,A30,1/25/2004,279113.63
574,A12,1/12/2004,86034.88
575,A13,1/3/2004,498284.19
576,A14,1/15/2004,139867.16
577,A15,1/25/2004,49838.73
578,A16,1/12/2004,121382.43
579,A17,1/3/2004,81290.11
580,A18,1/15/2004,90352.08
581,A19,1/25/2004,170824.09
582,A20,1/12/2004,59829.23
583,A21,1/3/2004,415697.29
584,A22,1/15/2004,394532.35
585,A23,1/12/2004,429309.45
586,A24,1/3/2004,224689.44
587,A25,1/15/2004,135309.38
588,A26,1/25/2004,333890.37
589,A27,1/17/2005,42552.74
590,A28,2/23/2005,426460.05
591,A29,2/1/2005,266951.86
592,A30,2/5/2004,102510.03
593,A12,2/28/2005,496791.06
594,A13,2/16/2005,154042.69
595,A14,2/23/2005,350670.39
596,A15,2/3/2005,322123.69
597,A16,2/4/2006,280785.41
598,A17,3/25/2006,306611.23
599,A18,3/31/2006,332113.54
600,A19,3/23/2006,117175.37
601,A20,3/19/2004,240282.7
602,A21,3/5/2006,113636.1
603,A22,4/4/2005,307593.35
604,A23,4/30/2006,158368.48
605,A24,4/25/2004,12372.91
606,A25,4/19/2006,194783.4
607,A26,4/6/2004,147773.68
608,A27,4/27/2005,379529.81
609,A28,5/5/2004,210543.47
610,A29,5/6/2006,74572.22
611,A30,5/7/2005,262119.88
612,A21,5/8/2006,33868.33
613,A22,5/9/2005,445154.23
614,A23,5/10/2006,475136.67
615,A24,7/11/2006,380333.3
616,A25,8/12/2005,1168.46
617,A26,5/5/2004,130658.98
618,A27,5/6/2006,63250.72
619,A28,5/7/2005,360059.59
620,A29,5/8/2006,482778.64
621,A30,5/9/2005,398904.74
622,A31,5/10/2006,121736.19
623,A32,7/11/2006,137150.37
624,A33,8/12/2005,365544.42
625,A34,9/13/2004,81344.52
626,A35,11/20/2005,267856.63
627,A36,11/21/2006,299638.45
628,A37,11/22/2005,316995.07
629,A38,11/23/2004,171777.74
630,A39,5/24/2005,363232.95
631,A40,5/25/2005,302665.85
632,A41,5/26/2005,113162.1
633,A42,5/27/2005,426214.94
634,A43,5/28/2005,490814.79
635,A44,5/29/2005,93910.42
636,A45,5/30/2005,332112.62
637,A46,5/31/2005,469524.73
638,A47,6/1/2005,277615.5
639,A48,6/2/2005,103166.71
640,A49,6/3/2005,37377.35
641,A21,7/3/2005,108209.03
642,A22,8/3/2005,169341.46
643,A23,9/3/2005,199221.99
644,A24,10/3/2005,98261.85
645,A25,11/3/2005,188563.47
646,A26,12/3/2005,417177.67
647,A27,1/3/2006,183103.78
648,A28,2/3/2006,318811.88
649,A29,3/3/2006,410086.11
650,A30,4/3/2006,425694.16
651,A31,5/3/2006,85880.99
652,A32,6/3/2006,284410.26
653,A33,7/3/2006,428595.18
654,A34,8/3/2006,205246.85
655,A35,9/3/2006,249105.03
656,A36,10/3/2006,234343.03
657,A37,11/3/2006,334631.4
658,A38,12/3/2006,492660.82
659,A39,1/12/2004,223330.14
660,A40,1/3/2004,438201.47
661,A41,1/15/2004,476997.06
662,A42,1/25/2004,229410.31
663,A43,1/17/2005,71540.68
664,A44,2/23/2005,136296.24
665,A45,2/1/2005,482338.57
666,A46,2/5/2004,208860.85
667,A47,2/28/2005,118461.94
668,A48,2/16/2005,174298.33
669,A49,2/23/2005,114620.09
670,A21,2/3/2005,395046.54
671,A22,2/4/2006,351039.48
672,A23,3/25/2006,236830
673,A24,3/31/2006,285039.38
674,A25,3/23/2006,118227.35
675,A26,3/24/2006,70579.41
676,A27,3/25/2006,148498.19
677,A28,3/26/2006,289699.71
678,A29,3/27/2006,260894.74
679,A30,3/28/2006,32985.28
680,A31,3/29/2006,313756.71
681,A32,3/30/2006,267750.16
682,A33,3/31/2006,244831.61
683,A34,4/1/2006,252926.33
684,A35,4/2/2006,256474.98
685,A36,4/3/2006,315988.94
686,A37,4/4/2006,477730.54
687,A38,1/12/2004,258847.78
688,A39,1/3/2004,28494.84
689,A40,1/15/2004,312510.63
690,A41,1/25/2004,2456.87
691,A42,1/12/2004,401363.29
692,A43,1/3/2004,37972.68
693,A44,1/15/2004,106403.79
694,A45,1/25/2004,161244.47
695,A46,1/12/2004,148034.6
696,A47,1/3/2004,306927.84
697,A48,1/15/2004,66771.24
698,A49,1/25/2004,406925.14
699,A21,1/12/2004,395183.42
700,A22,1/3/2004,483245.51
701,A23,1/15/2004,456468.39
702,A24,1/12/2004,115178.7
703,A25,1/3/2004,274473.27
704,A26,1/15/2004,79160.72
705,A27,1/25/2004,16992.28
706,A28,1/17/2005,451169.45
707,A29,2/23/2005,4220.25
708,A30,2/1/2005,289028.69
709,A31,2/5/2004,407599.13
710,A32,2/28/2005,418896.84
711,A33,2/16/2005,342468.09
712,A34,2/23/2005,53182.46
713,A35,2/3/2005,202740.17
714,A36,2/4/2006,350414.18
715,A37,3/25/2006,378310.73
716,A38,3/31/2006,339553.1
717,A39,3/23/2006,176347.5
718,A40,3/19/2004,398063.76
719,A41,3/5/2006,87417.47
720,A42,4/4/2005,173199.87
721,A43,4/30/2006,277006.96
722,A44,4/25/2004,84514.47
723,A45,4/19/2006,176703.42
724,A46,4/6/2004,249310.63
725,A47,4/27/2005,348992.15
726,A48,5/5/2004,454762.77
727,A49,5/6/2006,91731.58
728,A21,5/7/2005,22402.48
729,A22,5/8/2006,165572.81
730,A23,5/9/2005,240751.23
731,A24,5/10/2006,1370.84
732,A25,7/11/2006,221121.56
733,A26,8/12/2005,398164.37
734,A27,5/5/2004,423643.87
735,A28,5/6/2006,473313.07
736,A29,5/7/2005,161197.38
737,A30,5/8/2006,49201.73
738,A31,5/9/2005,438848.56
739,A32,5/10/2006,18858.86
740,A33,7/11/2006,396124.84
741,A34,8/12/2005,293209.49
742,A35,9/13/2004,31811.8
743,A36,11/20/2005,367209.15
744,A37,11/21/2006,244040.85
745,A38,11/22/2005,136309.34
746,A39,11/23/2004,21716.06
747,A40,5/24/2005,194880.87
748,A41,5/25/2005,21440.76
749,A42,5/26/2005,367320.11
750,A43,5/27/2005,81721.01
751,A44,5/28/2005,364007.57
752,A45,5/29/2005,423236.29
753,A46,5/30/2005,373651.3
754,A47,5/31/2005,174878.11
755,A48,6/1/2005,248235.37
756,A49,6/2/2005,329224.73
757,A21,6/3/2005,212853.99
758,A22,7/3/2005,238688.54
759,A23,8/3/2005,170028.69
760,A24,9/3/2005,428164.73
761,A25,10/3/2005,129668.84
762,A26,11/3/2005,173747.26
763,A27,12/3/2005,136860.63
764,A28,1/3/2006,84875.95
765,A29,2/3/2006,85329.7
766,A30,3/3/2006,120377.58
767,A31,4/3/2006,13054.67
768,A32,5/3/2006,62569.1
769,A33,6/3/2006,448965.39
770,A34,7/3/2006,175103.69
771,A35,8/3/2006,221873.36
772,A36,9/3/2006,406166.71
773,A37,10/3/2006,86820.21
774,A38,11/3/2006,138714.56
775,A39,12/3/2006,278687.47
776,A40,1/12/2004,472094.9
777,A41,1/3/2004,192378.3
778,A42,1/15/2004,343606.96
779,A43,1/25/2004,109536.84
780,A44,1/17/2005,464352.17
781,A45,2/23/2005,220739.59
782,A46,2/1/2005,44231.79
783,A47,2/5/2004,288568.47
784,A48,2/28/2005,334597.29
785,A49,2/16/2005,81704.61
786,A21,2/23/2005,22190.97
787,A22,2/3/2005,206706.51
788,A23,2/4/2006,72917.32
789,A24,3/25/2006,263585.99
790,A25,3/31/2006,341838.81
791,A26,3/23/2006,265322.98
792,A27,3/24/2006,133747.43
793,A28,3/25/2006,471171.45
794,A29,3/26/2006,94555.26
795,A30,3/27/2006,140229.15
796,A31,3/28/2006,31679.04
797,A32,3/29/2006,219307.12
798,A33,3/30/2006,447698.41
799,A34,3/31/2006,28854.14
800,A35,4/1/2006,195290.2
801,A36,4/2/2006,347224.98
802,A37,4/3/2006,495000.17
803,A38,4/4/2006,100184.71
804,A39,1/12/2004,310821.09
805,A40,1/3/2004,64718.16
806,A41,1/15/2004,145610.32
807,A42,1/25/2004,3813.53
808,A43,1/12/2004,223619.33
809,A44,1/3/2004,361549.52
810,A45,1/15/2004,88484.85
811,A46,1/25/2004,402047.86
812,A47,1/12/2004,412657.79
813,A48,1/3/2004,99492.68
814,A49,1/15/2004,83204.61
815,A21,1/25/2004,41154.52
816,A22,1/12/2004,420589.21
817,A23,1/3/2004,302707.38
818,A24,1/15/2004,170328.32
819,A25,1/12/2004,274859.53
820,A26,1/3/2004,161220.05
821,A27,1/15/2004,343692.05
822,A28,1/25/2004,288305.37
823,A29,1/17/2005,201994.21
824,A30,2/23/2005,249323.26
825,A31,2/1/2005,105128.84
826,A32,2/5/2004,344312.67
827,A33,2/28/2005,325246.37
828,A34,2/16/2005,45750.9
829,A35,2/23/2005,334933.59
830,A36,2/3/2005,97465.08
831,A37,2/4/2006,452366.06
832,A38,3/25/2006,292430.72
833,A39,3/31/2006,343055.92
834,A40,3/23/2006,120215.85
835,A41,3/19/2004,2083.26
836,A42,3/5/2006,42728.74
837,A43,4/4/2005,335534.84
838,A44,4/30/2006,231843.43
839,A45,4/25/2004,487103.26
840,A46,4/19/2006,27793.48
841,A47,4/6/2004,12571.13
842,A48,4/27/2005,263768.71
843,A49,5/5/2004,142887.48
844,A21,5/6/2006,251831.71
845,A22,5/7/2005,487674.89
846,A23,5/8/2006,292923.27
847,A24,5/9/2005,409399.94
848,A25,5/10/2006,440972.58
849,A26,7/11/2006,213185.89
850,A27,8/12/2005,472123.57
851,A28,5/5/2004,256148.96
852,A29,5/6/2006,455584.39
853,A30,5/7/2005,300086.64
854,A31,5/8/2006,331748.17
855,A32,5/9/2005,90329.79
856,A33,5/10/2006,332753.94
857,A34,7/11/2006,48053.83
858,A35,8/12/2005,30190.67
859,A36,9/13/2004,429352.78
860,A37,11/20/2005,77611.47
861,A38,11/21/2006,101339.26
862,A39,11/22/2005,109700.84
863,A40,11/23/2004,429769.46
864,A41,5/24/2005,454992.2
865,A42,5/25/2005,111643.13
866,A43,5/26/2005,330997.36
867,A44,5/27/2005,289423.69
868,A45,5/28/2005,396162.6
869,A46,5/29/2005,14213.98
870,A47,5/30/2005,204145.31
871,A48,5/31/2005,419047.95
872,A49,6/1/2005,483021.66
873,A21,6/2/2005,177548.41
874,A22,6/3/2005,408935.99
875,A23,7/3/2005,230196.22
876,A24,8/3/2005,211262.36
877,A25,9/3/2005,336808.96
878,A26,10/3/2005,351333.85
879,A27,11/3/2005,409963.5
880,A28,12/3/2005,451630.26
881,A29,1/3/2006,321588.7
882,A30,2/3/2006,67056.51
883,A31,3/3/2006,396403.71
884,A32,4/3/2006,333042.82
885,A33,5/3/2006,365688.37
886,A34,6/3/2006,104781.85
887,A35,7/3/2006,235480.06
888,A36,8/3/2006,281120.31
889,A37,9/3/2006,257594.53
890,A38,10/3/2006,317309.23
891,A39,11/3/2006,129774.72
892,A40,12/3/2006,169786.15
893,A41,1/12/2004,18735.96
894,A42,1/3/2004,224382.18
895,A43,1/15/2004,471697.76
896,A44,1/25/2004,265167.47
897,A45,1/17/2005,269792.98
898,A46,2/23/2005,364811.08
899,A47,2/1/2005,336472.8
900,A48,2/5/2004,271307.19
901,A49,2/28/2005,215280.31
902,A21,2/16/2005,119478.97
903,A22,2/23/2005,156283.34
904,A23,2/3/2005,257483.09
905,A24,2/4/2006,448414.36
906,A25,3/25/2006,245734.17
907,A26,3/31/2006,80907.9
908,A27,3/23/2006,197081.46
909,A28,3/24/2006,391101.37
910,A29,3/25/2006,148410.96
911,A30,3/26/2006,284850.96
912,A31,3/27/2006,103429.79
913,A32,3/28/2006,53800.88
914,A33,3/29/2006,325726.44
915,A34,3/30/2006,305101.67
916,A35,3/31/2006,450091.26
917,A36,4/1/2006,399378.99
918,A37,4/2/2006,6520.7
919,A38,4/3/2006,268966.8
920,A39,4/4/2006,472407.74
921,A40,1/12/2004,66864.39
922,A41,1/3/2004,201577.8
923,A42,1/15/2004,325098.08
924,A43,1/25/2004,460035.02
925,A44,1/12/2004,254385.65
926,A45,1/3/2004,484956.45
927,A46,1/15/2004,271606.86
928,A47,1/25/2004,148034.75
929,A48,1/12/2004,337987.12
930,A49,1/3/2004,17782.65
931,A21,1/15/2004,394686.46
932,A22,1/25/2004,483628.45
933,A23,1/12/2004,59880.12
934,A24,1/3/2004,60524.44
935,A25,1/15/2004,269895.55
936,A26,1/12/2004,373029.85
937,A27,1/3/2004,264885.99
938,A28,1/15/2004,26178.74
939,A29,1/25/2004,377774.78
940,A30,1/17/2005,228554.19
941,A31,2/23/2005,449928.27
942,A32,2/1/2005,87918.4
943,A33,2/5/2004,450994.42
944,A34,2/28/2005,335593.79
945,A35,2/16/2005,426900.84
946,A36,2/23/2005,21604.11
947,A37,2/3/2005,106349.22
948,A38,2/4/2006,454329.84
949,A39,3/25/2006,353168.42
950,A40,3/31/2006,497928.27
951,A41,3/23/2006,34864.39
952,A42,3/19/2004,145220.06
953,A43,3/5/2006,226603.19
954,A44,4/4/2005,30292.86
955,A45,4/30/2006,399512.02
956,A46,4/25/2004,466385.82
957,A47,4/19/2006,161681.87
958,A48,4/6/2004,305095.45
959,A49,4/27/2005,170167.31
960,A21,5/5/2004,240280.45
961,A22,5/6/2006,321692.62
962,A23,5/7/2005,447036.46
963,A24,5/8/2006,479204.19
964,A25,5/9/2005,470071.81
965,A26,5/10/2006,378240.89
966,A27,7/11/2006,241912.5
967,A28,8/12/2005,437823.07
968,A29,5/5/2004,425476.33
969,A30,5/6/2006,294475.79
970,A31,5/7/2005,454736.04
971,A32,5/8/2006,140419.08
972,A33,5/9/2005,326761.68
973,A34,5/10/2006,197323.24
974,A35,7/11/2006,169368.97
975,A36,8/12/2005,17377.12
976,A37,9/13/2004,25958.96
977,A38,11/20/2005,404271.91
978,A39,11/21/2006,31957.37
979,A40,11/22/2005,236821.08
980,A41,11/23/2004,55.86
981,A42,5/24/2005,473177.1
982,A43,5/25/2005,89907.47
983,A44,5/26/2005,410817.5
984,A45,5/27/2005,26949.28
985,A46,5/28/2005,175753.7
986,A47,5/29/2005,214550.57
987,A48,5/30/2005,386873.69
988,A49,5/31/2005,160090.81
989,A36,6/1/2005,165533.79
990,A37,6/2/2005,236079.8
991,A38,6/3/2005,29532.29
992,A39,7/3/2005,343050.41
993,A40,8/3/2005,488742.81
994,A41,9/3/2005,4110
995,A42,10/3/2005,197897.82
996,A43,11/3/2005,454364.16
997,A44,12/3/2005,79696.21
998,A45,1/3/2006,293895.7
999,A46,2/3/2006,494046.29
1000,A47,3/3/2006,427648.26
1001,A48,4/3/2006,87359.12
1002,A49,5/3/2006,490018.55
1003,A50,6/3/2006,206150.39
1004,A51,7/3/2006,163270.13
1005,A52,8/3/2006,442850.42
1006,A53,9/3/2006,249254.51
1007,A54,10/3/2006,241392.8
1008,A55,11/3/2006,185268.15
1009,A56,12/3/2006,162103.09
1010,A57,1/12/2004,440988.05
1011,A58,1/3/2004,31977.43
1012,A59,1/15/2004,493825.73
1013,A60,1/25/2004,344020.41
1014,A61,1/17/2005,379523.96
1015,A60,2/23/2005,240977.23
1016,A61,2/1/2005,313358.18
1017,A62,2/5/2004,113317.83
1018,A36,2/28/2005,167165.67
1019,A37,2/16/2005,407707.96
1020,A38,2/23/2005,345188.99
1021,A39,2/3/2005,108573.87
1022,A40,2/4/2006,341053.68
1023,A41,3/25/2006,174590.36
1024,A42,3/31/2006,20801.9
1025,A43,3/23/2006,355639.39
1026,A44,3/24/2006,23948.9
1027,A45,3/25/2006,218575.36
1028,A46,3/26/2006,255642.28
1029,A47,3/27/2006,84875.97
1030,A48,3/28/2006,480592.61
1031,A49,3/29/2006,393595.5
1032,A50,3/30/2006,106204.98
1033,A51,3/31/2006,272046.55
1034,A52,4/1/2006,246776.64
1035,A53,4/2/2006,493590.96
1036,A54,4/3/2006,238637.76
1037,A55,4/4/2006,243784.94
1038,A56,1/12/2004,9115.82
1039,A57,1/3/2004,306326.87
1040,A58,1/15/2004,139374.06
1041,A59,1/25/2004,465841.15
1042,A60,1/12/2004,327400.02
1043,A61,1/3/2004,250703.65
1044,A60,1/15/2004,398368.06
1045,A61,1/25/2004,274783.02
1046,A62,1/12/2004,352524.33
1047,A36,1/3/2004,122486.54
1048,A37,1/15/2004,99996.58
1049,A38,1/25/2004,95843.84
1050,A39,1/12/2004,219448.13
1051,A40,1/3/2004,213328.24
1052,A41,1/15/2004,278335.94
1053,A42,1/12/2004,345966.81
1054,A43,1/3/2004,80468.88
1055,A44,1/15/2004,219899.68
1056,A45,1/25/2004,181578.48
1057,A46,1/17/2005,274581.94
1058,A47,2/23/2005,399353.44
1059,A48,2/1/2005,127400.48
1060,A49,2/5/2004,310611.03
1061,A50,2/28/2005,29753.02
1062,A51,2/16/2005,295108.43
1063,A52,2/23/2005,42341.42
1064,A53,2/3/2005,329570.28
1065,A54,2/4/2006,394830.51
1066,A55,3/25/2006,344561.38
1067,A56,3/31/2006,139586.67
1068,A57,3/23/2006,78544.42
1069,A58,3/19/2004,328774.35
1070,A59,3/5/2006,221678.04
1071,A60,4/4/2005,293495.93
1072,A61,4/30/2006,492378.08
1073,A60,4/25/2004,471236.83
1074,A61,4/19/2006,477432.68
1075,A62,4/6/2004,200155.07
1076,A36,4/27/2005,48039.88
1077,A37,5/5/2004,44579.08
1078,A38,5/6/2006,80172.2
1079,A39,5/7/2005,453417.45
1080,A40,5/8/2006,75991.64
1081,A41,5/9/2005,146021.03
1082,A42,5/10/2006,408702.05
1083,A43,7/11/2006,355871.15
1084,A44,8/12/2005,188094.3
1085,A45,5/5/2004,56814.29
1086,A46,5/6/2006,416991.24
1087,A47,5/7/2005,453048.51
1088,A48,5/8/2006,291853.29
1089,A49,5/9/2005,272829.68
1090,A50,5/10/2006,213679.23
1091,A51,7/11/2006,407154.67
1092,A52,8/12/2005,35505.11
1093,A53,9/13/2004,304492.5
1094,A54,11/20/2005,469918.75
1095,A55,11/21/2006,18518.41
1096,A56,11/22/2005,193204.97
1097,A57,11/23/2004,103841.25
1098,A58,5/24/2005,48581.88
1099,A59,5/25/2005,311132.81
1100,A60,5/26/2005,470905.99
1101,A61,5/27/2005,425132.51
1102,A60,5/28/2005,318410.3
1103,A61,5/29/2005,143633.16
1104,A62,5/30/2005,424135.9
1105,A36,5/31/2005,316914.74
1106,A37,6/1/2005,370914.62
1107,A38,6/2/2005,185739.75
1108,A39,6/3/2005,235033.71
1109,A40,7/3/2005,242107.49
1110,A41,8/3/2005,6865.68
1111,A42,9/3/2005,3937.81
1112,A43,10/3/2005,415860.27
1113,A44,11/3/2005,431079.67
1114,A45,12/3/2005,410935.52
1115,A46,1/3/2006,417493.07
1116,A47,2/3/2006,20956.5
1117,A48,3/3/2006,438025.57
1118,A49,4/3/2006,338035.97
1119,A50,5/3/2006,242446.75
1120,A51,6/3/2006,309674.92
1121,A52,7/3/2006,470475.57
1122,A53,8/3/2006,50308.75
1123,A54,9/3/2006,490775.95
1124,A55,10/3/2006,201404.18
1125,A56,11/3/2006,310371.26
1126,A57,12/3/2006,194338.11
1127,A58,1/12/2004,229993.67
1128,A59,1/3/2004,122801.18
1129,A60,1/15/2004,73528.67
1130,A61,1/25/2004,22660.5
1131,A60,1/17/2005,76322.99
1132,A61,2/23/2005,113049.21
1133,A62,2/1/2005,217528.5
1134,A36,2/5/2004,498238.63
1135,A37,2/28/2005,4723.41
1136,A38,2/16/2005,77653.56
1137,A39,2/23/2005,196307.11
1138,A40,2/3/2005,88240.86
1139,A41,2/4/2006,121807.91
1140,A42,3/25/2006,42983.77
1141,A43,3/31/2006,2561.06
1142,A44,3/23/2006,184547.57
1143,A45,3/24/2006,181649.04
1144,A46,3/25/2006,272345.45
1145,A47,3/26/2006,294130.86
1146,A48,3/27/2006,126055.47
1147,A49,3/28/2006,470885.58
1148,A50,3/29/2006,373924.08
1149,A51,3/30/2006,12217.2
1150,A52,3/31/2006,320482.17
1151,A53,4/1/2006,269353.5
1152,A54,4/2/2006,337247.97
1153,A55,4/3/2006,356937.28
1154,A56,4/4/2006,456814.78
1155,A57,1/12/2004,497223.08
1156,A58,1/3/2004,30540.35
1157,A59,1/15/2004,254230.01
1158,A60,1/25/2004,196802.28
1159,A61,1/12/2004,390380.18
1160,A60,1/3/2004,487241.12
1161,A61,1/15/2004,300217.24
1162,A62,1/25/2004,247068.28
1163,A36,1/12/2004,209008.14
1164,A37,1/3/2004,186510.96
1165,A38,1/15/2004,232352.49
1166,A39,1/25/2004,247152.18
1167,A40,1/12/2004,74607.54
1168,A41,1/3/2004,69094.52
1169,A42,1/15/2004,177932.57
1170,A43,1/12/2004,226307.37
1171,A44,1/3/2004,271526.06
1172,A45,1/15/2004,357873.8
1173,A46,1/25/2004,13614.32
1174,A47,1/17/2005,286012.09
1175,A48,2/23/2005,98805.74
1176,A49,2/1/2005,262975.77
1177,A50,2/5/2004,240576.07
1178,A51,2/28/2005,214135.31
1179,A52,2/16/2005,251012.55
1180,A53,2/23/2005,79923.09
1181,A54,2/3/2005,381877.88
1182,A55,2/4/2006,364518.29
1183,A56,3/25/2006,59694.75
1184,A57,3/31/2006,495646.28
1185,A58,3/23/2006,263028.06
1186,A59,3/19/2004,175922.46
1187,A60,3/5/2006,80510.35
1188,A61,4/4/2005,277482.68
1189,A60,4/30/2006,65442.61
1190,A61,4/25/2004,388527.73
1191,A62,4/19/2006,29083.79
1192,A36,4/6/2004,63637.32
1193,A37,4/27/2005,49279.16
1194,A38,5/5/2004,74133.81
1195,A39,5/6/2006,73591.59
1196,A40,5/7/2005,12245.37
1197,A41,5/8/2006,238512.8
1198,A42,5/9/2005,328130.36
1199,A43,5/10/2006,93174.27
1200,A44,7/11/2006,285921.61
1201,A45,8/12/2005,226289.58
1202,A46,1/17/2005,263405.92
1203,A47,2/23/2005,100763.66
1204,A48,2/1/2005,95816.22
1205,A49,2/5/2004,442503.44
1206,A50,2/28/2005,251256.98
1207,A51,2/16/2005,6145.92
1208,A52,2/23/2005,91991.28
1209,A53,2/3/2005,498258.64
1210,A54,2/4/2006,372411.25
1211,A55,3/25/2006,132121.96
1212,A56,3/31/2006,432523.44
1213,A57,3/23/2006,199804.67
1214,A58,3/19/2004,307823.64
1215,A59,3/5/2006,358336.67
1216,A60,4/4/2005,442888.86
1217,A61,4/30/2006,14909.17
1218,A60,4/25/2004,397275.55
1219,A61,4/19/2006,266925.06
1220,A62,4/6/2004,433918.93
1221,A36,4/27/2005,495838.08
1222,A37,5/5/2004,139979.71
1223,A38,5/6/2006,85283.88
1224,A39,5/7/2005,382742.75
1225,A40,5/8/2006,361842.72
1226,A41,5/9/2005,126434.28
1227,A42,5/10/2006,479208.1
1228,A43,7/11/2006,448064.38
1229,A44,8/12/2005,351400.42
1230,A45,9/13/2004,64774.66
1231,A46,11/20/2005,410656.47
1232,A47,11/21/2006,32967.03
1233,A48,11/22/2005,386282.74
1234,A49,11/23/2004,78156.9
1235,A50,5/24/2005,8304.43
1236,A51,5/25/2005,74206.01
1237,A52,5/26/2005,145665.69
1238,A53,5/27/2005,189288.06
1239,A54,5/28/2005,178099.91
1240,A55,5/29/2005,129221.35
1241,A56,5/30/2005,400670.11
1242,A57,5/31/2005,294320.87
1243,A58,6/1/2005,463913.14
1244,A59,6/2/2005,10582.36
1245,A60,6/3/2005,209871.15
1246,A61,7/3/2005,299897.35
1247,A60,8/3/2005,49639.08
1248,A61,9/3/2005,154662.73
1249,A62,10/3/2005,162860.73
1250,A36,11/3/2005,72423.76
1251,A37,12/3/2005,343316.99
1252,A38,1/3/2006,296062.71
1253,A39,2/3/2006,452779.82
1254,A40,3/3/2006,46566.5
1255,A41,4/3/2006,147383
1256,A42,5/3/2006,121375.83
1257,A43,6/3/2006,23525.91
1258,A44,7/3/2006,216041.38
1259,A45,8/3/2006,205479.86
1260,A46,9/3/2006,23892.79
1261,A47,10/3/2006,358785.8
1262,A48,11/3/2006,243913.61
1263,A49,12/3/2006,60465.21
1264,A50,1/12/2004,326576.81
1265,A51,1/3/2004,388214.09
1266,A52,1/15/2004,489602.43
1267,A53,1/25/2004,11268.5
1268,A54,1/17/2005,203500.63
1269,A55,2/23/2005,227481.16
1270,A56,2/1/2005,114515.1
1271,A57,2/5/2004,227773.43
1272,A58,2/28/2005,472059.04
1273,A59,2/16/2005,241955.01
1274,A60,2/23/2005,392510.5
1275,A61,2/3/2005,483148.94
1276,A60,2/4/2006,357159.38
1277,A61,3/25/2006,209308.38
1278,A62,3/31/2006,365580.94
1279,A36,3/23/2006,345065.63
1280,A37,3/24/2006,265079.98
1281,A38,3/25/2006,144010.86
1282,A39,3/26/2006,268630.62
1283,A40,3/27/2006,114173.32
1284,A41,3/28/2006,200769.31
1285,A42,3/29/2006,112818.01
1286,A43,3/30/2006,408473.76
1287,A44,3/31/2006,172860.76
1288,A45,4/1/2006,372124.51
1289,A46,4/2/2006,189830.78
1290,A47,4/3/2006,343035.67
1291,A48,4/4/2006,193744.98
1292,A49,1/12/2004,158492.96
1293,A50,1/3/2004,130448.63
1294,A51,1/15/2004,442135.48
1295,A52,1/25/2004,120208.05
1296,A53,1/12/2004,29037.81
1297,A54,1/3/2004,490081
1298,A55,1/15/2004,316028.99
1299,A56,1/25/2004,27422.08
1300,A57,1/12/2004,266752.62
1301,A58,1/3/2004,71289.84
1302,A59,1/15/2004,76539.5
1303,A60,1/25/2004,114865.73
1304,A61,1/12/2004,10353.52
1305,A60,1/3/2004,79983.14
1306,A61,1/15/2004,126629.86
1307,A62,1/12/2004,397129.81
1308,A36,1/3/2004,327297.15
1309,A37,1/15/2004,212293.63
1310,A38,1/25/2004,318585.14
1311,A39,1/17/2005,244332.47
1312,A40,2/23/2005,9642.77
1313,A41,2/1/2005,151703.5
1314,A42,2/5/2004,21545.71
1315,A43,2/28/2005,279634.66
1316,A44,2/16/2005,495947.66
1317,A45,2/23/2005,465097.84
1318,A46,2/3/2005,301106.89
1319,A47,2/4/2006,439922.04
1320,A48,3/25/2006,488307.93
1321,A49,3/31/2006,264136.91
1322,A50,3/23/2006,427345.16
1323,A51,3/19/2004,40944.31
1324,A52,3/5/2006,325457.14
1325,A53,4/4/2005,339645.86
1326,A54,4/30/2006,449605.95
1327,A55,4/25/2004,19052.19
1328,A56,4/19/2006,313446.31
1329,A57,4/6/2004,290318.29
1330,A58,4/27/2005,118652.56
1331,A59,5/5/2004,188806.32
1332,A60,5/6/2006,4328.28
1333,A61,5/7/2005,300765.73
1334,A60,5/8/2006,204437.87
1335,A61,5/9/2005,455414.03
1336,A62,5/10/2006,333931.24
1337,A36,7/11/2006,213919.73
1338,A37,8/12/2005,368760.27
1339,A38,9/13/2004,345877.86
1340,A39,11/20/2005,411995.72
1341,A40,11/21/2006,158553.86
1342,A41,11/22/2005,222973.42
1343,A42,11/23/2004,362899.7
1344,A43,5/24/2005,371725.97
1345,A44,5/25/2005,316407.62
1346,A45,5/5/2004,10405.48
1347,A46,5/6/2006,388392.43
1348,A47,5/7/2005,173964.56
1349,A48,5/8/2006,469730.31
1350,A49,5/9/2005,41582.38
1351,A50,5/10/2006,121273.54
1352,A51,7/11/2006,415217.08
1353,A52,8/12/2005,345394.74
1354,A53,9/13/2004,102929.32
1355,A54,11/20/2005,233706.14
1356,A55,11/21/2006,93579.24
1357,A56,11/22/2005,203251.42
1358,A57,11/23/2004,105865.88
1359,A58,5/24/2005,241401.66
1360,A59,5/25/2005,176964.24
1361,A60,5/26/2005,191817.83
1362,A61,5/27/2005,494436.86
1363,A60,1/17/2005,367052.39
1364,A61,2/23/2005,4270.82
1365,A62,2/1/2005,147917.74
1366,A36,2/5/2004,8684.4
1367,A37,2/28/2005,135124.83
1368,A38,2/16/2005,488509.37
1369,A39,2/23/2005,455199.85
1370,A40,2/3/2005,498705.93
1371,A41,2/4/2006,236112.79
1372,A42,3/25/2006,215169.32
1373,A43,3/31/2006,385497.32
1374,A44,3/23/2006,314865.2
1375,A45,3/19/2004,469461.95
1376,A46,3/5/2006,87541.8
1377,A47,4/4/2005,67703.39
1378,A48,4/30/2006,469317.86
1379,A49,4/25/2004,331737.44
1380,A50,4/19/2006,400356.35
1381,A51,4/6/2004,315663.16
1382,A52,4/27/2005,186362.03
1383,A53,5/5/2004,389063.67
1384,A54,5/6/2006,316239.38
1385,A55,5/7/2005,280192.28
1386,A56,5/8/2006,307906.07
1387,A57,5/9/2005,213950.24
1388,A58,5/10/2006,2885.23
1389,A59,7/11/2006,248922.33
1390,A60,8/12/2005,380378.98
1391,A61,9/13/2004,197912.13
1392,A60,11/20/2005,294357.01
1393,A61,11/21/2006,423828.84
1394,A62,11/22/2005,301368.91
1395,A36,11/23/2004,110114.4
1396,A37,5/24/2005,418293.51
1397,A38,5/25/2005,403693.93
1398,A39,5/26/2005,368886.48
1399,A40,5/27/2005,375790.65
1400,A41,5/28/2005,405799.97
1401,A42,5/29/2005,281673.17
1402,A43,5/30/2005,386613.63
1403,A44,5/31/2005,319725.99
1404,A45,6/1/2005,303151.38
1405,A46,6/2/2005,341607.11
1406,A47,6/3/2005,341903.77
1407,A48,7/3/2005,286146.08
1408,A49,8/3/2005,321122.85
1409,A50,9/3/2005,291161.44
1410,A51,10/3/2005,78996.7
1411,A52,11/3/2005,107869.48
1412,A53,12/3/2005,457386.2
1413,A54,1/3/2006,313826.33
1414,A55,2/3/2006,460990.55
1415,A56,3/3/2006,263951.05
1416,A57,4/3/2006,77377.57
1417,A58,5/3/2006,384545.52
1418,A59,6/3/2006,379170.05
1419,A60,7/3/2006,273877.36
1420,A61,8/3/2006,197804.13
1421,A60,9/3/2006,348314.61
1422,A61,10/3/2006,289863.84
1423,A62,11/3/2006,496752.69
1424,A36,12/3/2006,146321.26
1425,A37,1/12/2004,475932.34
1426,A38,1/3/2004,380510.36
1427,A39,1/15/2004,34423.35
1428,A40,1/25/2004,75969.07
1429,A41,1/17/2005,339184.49
1430,A42,2/23/2005,454667.52
1431,A43,2/1/2005,484212.27
1432,A44,2/5/2004,113508.29
1433,A45,2/28/2005,73404.9
1434,A46,2/16/2005,323510.57
1435,A47,2/23/2005,142961.13
1436,A48,2/3/2005,95479.2
1437,A49,2/4/2006,15546.35
1438,A50,3/25/2006,480565.12
1439,A51,3/31/2006,14203.78
1440,A52,3/23/2006,350749.3
1441,A53,3/24/2006,199377.19
1442,A54,3/25/2006,100719.74
1443,A55,3/26/2006,6998.51
1444,A56,3/27/2006,491227.07
1445,A57,3/28/2006,272993.36
1446,A58,3/29/2006,451134.94
1447,A59,3/30/2006,267436.51
1448,A60,3/31/2006,28857.2
1449,A61,4/1/2006,493770.08
1450,A60,4/2/2006,357154.87
1451,A61,4/3/2006,445448
1452,A62,4/4/2006,164796.79
1453,A63,1/12/2004,372179.26
1454,A36,1/3/2004,224759.64
1455,A37,1/15/2004,172120.27
1456,A38,1/25/2004,73381.99
1457,A39,1/12/2004,257117.37
1458,A40,1/3/2004,30789.11
1459,A41,1/15/2004,365627.28
1460,A42,1/25/2004,464675.51
1461,A43,1/12/2004,296859.59
1462,A44,1/3/2004,472428.57
1463,A45,1/15/2004,195249.7
1464,A46,1/25/2004,112370.26
1465,A47,1/12/2004,148075.49
1466,A48,1/3/2004,380432.38
1467,A49,1/15/2004,148187.72
1468,A50,1/12/2004,25086.07
1469,A51,1/3/2004,82082.48
1470,A52,1/15/2004,63849.18
1471,A53,1/25/2004,428893.02
1472,A54,1/17/2005,146991.03
1473,A55,2/23/2005,71140.33
1474,A56,2/1/2005,55025.09
1475,A57,2/5/2004,285552.8
1476,A58,2/28/2005,91583.97
1477,A59,2/16/2005,337836.23
1478,A60,2/23/2005,14227.86
1479,A61,2/3/2005,432084.39
1480,A60,2/4/2006,398856.11
1481,A61,3/25/2006,173324.28
1482,A62,3/31/2006,180670.24
1483,A56,3/23/2006,113871.65
1484,A57,3/19/2004,207786.09
1485,A58,3/5/2006,8746.94
1486,A59,4/4/2005,16652.72
1487,A60,4/30/2006,183029.6
1488,A61,4/25/2004,233180.43
1489,A60,4/19/2006,187041.66
1490,A61,4/6/2004,322806.69
1491,A62,4/27/2005,287805.43
1492,A63,5/5/2004,416676.34
1493,A64,5/6/2006,110614.61
1494,A65,5/7/2005,230667.34
1495,A66,5/8/2006,113094.58
1496,A67,5/9/2005,55638.77
1497,A68,5/10/2006,319836.49
1498,A69,7/11/2006,247628.45
1499,A70,8/12/2005,454016.51
1500,A71,9/13/2004,56286.33
