sl_no,customer_id,date,product_type,amount
1,A1,2004-01-12,JEWELLERY,485470.8
2,A1,2004-01-03,PETROL,410556.13
3,A1,2004-01-15,CLOTHES,23740.46
4,A1,2004-01-25,FOOD,484342.47
5,A1,2005-01-17,CAMERA,369694.07
6,A1,2005-02-23,SANDALS,168285.6
7,A1,2005-02-01,CAR,23370.2
8,A8,2004-02-05,BIKE,155562.58
9,A9,2005-02-28,AUTO,38269.94
10,A10,2005-02-16,SHOPPING,194795.88
11,A11,2005-02-23,AIR TICKET,307622.01
12,A12,2005-02-03,BUS TICKET,151921.12
13,A13,2006-02-04,TRAIN TICKET,307940.97
14,A14,2006-03-25,RENTAL,9509.6
15,A15,2006-03-31,MOVIE TICKET,399874.98
16,A16,2006-03-23,JEWELLERY,2845.76
17,A17,2004-03-19,PETROL,457931.43
18,A18,2006-03-05,CLOTHES,19272.94
19,A19,2005-04-04,FOOD,441442.26
20,A20,2006-04-30,JEWELLERY,356733.48
21,A21,2004-04-25,PETROL,190011.63
22,A22,2006-04-19,CLOTHES,423672.5
23,A23,2004-04-06,FOOD,390850.96
24,A24,2005-04-27,CAMERA,328845.08
25,A25,2004-05-05,SANDALS,446040.47
26,A26,2006-05-06,CAR,6588.51
27,A27,2005-05-07,BIKE,275144.42
28,A28,2006-05-08,AUTO,66432.37
29,A29,2005-05-09,SHOPPING,18877.48
30,A30,2006-05-10,AIR TICKET,24399.98
31,A31,2006-07-11,BUS TICKET,272112.42
32,A32,2005-08-12,TRAIN TICKET,126461.49
33,A33,2004-09-13,RENTAL,226271.97
34,A34,2005-11-20,MOVIE TICKET,109129.96
35,A35,2006-11-21,CAMERA,156630.14
36,A36,2005-11-22,SANDALS,200228.1
37,A37,2004-11-23,CAR,139814.59
38,A38,2005-05-24,BIKE,376872.51
39,A39,2005-05-25,AUTO,117691.42
40,A40,2005-05-26,SHOPPING,227791.62
41,A41,2005-05-27,AIR TICKET,359764.34
42,A42,2005-05-28,BUS TICKET,217211.47
43,A43,2005-05-29,TRAIN TICKET,162417.22
44,A44,2005-05-30,RENTAL,188171.64
45,A45,2005-05-31,MOVIE TICKET,365725.04
46,A46,2005-06-01,JEWELLERY,319538.35
47,A47,2005-06-02,PETROL,193736.65
48,A48,2005-06-03,CLOTHES,433240.56
49,A49,2005-07-03,FOOD,93689.16
50,A50,2005-08-03,CAMERA,315690.47
51,A51,2005-09-03,SANDALS,249496.99
52,A52,2005-10-03,CAR,50877.1
53,A53,2005-11-03,BIKE,395078.96
54,A54,2005-12-03,AUTO,155708.16
55,A55,2006-01-03,SHOPPING,343548.59
56,A56,2006-02-03,AIR TICKET,22463.65
57,A57,2006-03-03,BUS TICKET,324423
58,A58,2006-04-03,TRAIN TICKET,252719.43
59,A59,2006-05-03,RENTAL,65444.06
60,A60,2006-06-03,MOVIE TICKET,285128.75
61,A61,2006-07-03,JEWELLERY,246888.98
62,A60,2006-08-03,PETROL,423934.57
63,A61,2006-09-03,CLOTHES,115354.86
64,A62,2006-10-03,FOOD,73920.68
65,A63,2006-11-03,CAMERA,180692.76
66,A64,2006-12-03,SANDALS,393513.71
67,A65,2004-01-12,CAR,177417.81
68,A66,2004-01-03,BIKE,321903.62
69,A67,2004-01-15,AUTO,199744.78
70,A68,2004-01-25,SHOPPING,9665.48
71,A69,2005-01-17,AIR TICKET,113339.36
72,A70,2005-02-23,AIR TICKET,188959.72
73,A71,2005-02-01,AIR TICKET,116422.06
74,A72,2004-02-05,AIR TICKET,360587.42
75,A73,2005-02-28,AIR TICKET,47380.56
76,A74,2005-02-16,AIR TICKET,216681.9
77,A75,2005-02-23,AIR TICKET,217827.88
78,A76,2005-02-03,AIR TICKET,30066.44
79,A77,2006-02-04,AIR TICKET,31048.93
80,A78,2006-03-25,CAMERA,432217.57
81,A79,2006-03-31,SANDALS,405913.14
82,A80,2006-03-23,CAR,474797.3
83,A81,2006-03-24,BIKE,175659.72
84,A82,2006-03-25,AUTO,379401.53
85,A83,2006-03-26,SHOPPING,177942.07
86,A84,2006-03-27,AIR TICKET,124861.57
87,A85,2006-03-28,BUS TICKET,398873.75
88,A86,2006-03-29,TRAIN TICKET,166438.62
89,A87,2006-03-30,RENTAL,483886.62
90,A88,2006-03-31,MOVIE TICKET,26518.91
91,A89,2006-04-01,JEWELLERY,24972.02
92,A90,2006-04-02,PETROL,264882.27
93,A91,2006-04-03,CLOTHES,89951.84
94,A92,2006-04-04,FOOD,341858.87
95,A93,2004-01-12,CAMERA,297505.09
96,A94,2004-01-03,SANDALS,312714.37
97,A95,2004-01-15,CAR,240401.5
98,A96,2004-01-25,BIKE,54729.66
99,A97,2004-01-12,AUTO,139018.26
100,A98,2004-01-03,SHOPPING,284521.06
101,A99,2004-01-15,AIR TICKET,90184.22
102,A100,2004-01-25,BUS TICKET,224786.88
103,A1,2004-01-12,TRAIN TICKET,440563.22
104,A2,2004-01-03,RENTAL,199554.72
105,A3,2004-01-15,MOVIE TICKET,418202.62
106,A4,2004-01-25,JEWELLERY,273400.75
107,A5,2004-01-12,PETROL,272700.86
108,A6,2004-01-03,CLOTHES,195373.41
109,A7,2004-01-15,FOOD,210870.21
110,A8,2004-01-12,CAMERA,470561.03
111,A9,2004-01-03,CAMERA,143855.64
112,A10,2004-01-15,CAMERA,240056.14
113,A11,2004-01-25,CAMERA,139319.83
114,A12,2005-01-17,CAMERA,133441.76
115,A13,2005-02-23,SHOPPING,172271.16
116,A14,2005-02-01,AIR TICKET,394078.34
117,A1,2004-02-05,BUS TICKET,52208.65
118,A2,2005-02-28,TRAIN TICKET,376887.49
119,A3,2005-02-16,TRAIN TICKET,194358.94
120,A4,2005-02-23,TRAIN TICKET,184352.72
121,A5,2005-02-03,TRAIN TICKET,125817.82
122,A6,2006-02-04,TRAIN TICKET,74569.98
123,A7,2006-03-25,TRAIN TICKET,123765.33
124,A8,2006-03-31,TRAIN TICKET,113366.26
125,A9,2006-03-23,CAMERA,206959.61
126,A10,2004-03-19,SANDALS,47866.78
127,A11,2006-03-05,CAR,173876.16
128,A12,2005-04-04,BIKE,126009.02
129,A13,2006-04-30,AUTO,354503.56
130,A14,2004-04-25,SHOPPING,461091.85
131,A1,2006-04-19,AIR TICKET,346925.68
132,A2,2004-04-06,BUS TICKET,439648.53
133,A3,2005-04-27,TRAIN TICKET,94389.66
134,A4,2004-05-05,RENTAL,104771.98
135,A5,2006-05-06,MOVIE TICKET,413858.41
136,A6,2005-05-07,JEWELLERY,130023.62
137,A7,2006-05-08,PETROL,238772.07
138,A8,2005-05-09,PETROL,371894.08
139,A9,2006-05-10,PETROL,108752.51
140,A10,2006-07-11,PETROL,239798.03
141,A11,2005-08-12,PETROL,404113.85
142,A12,2004-09-13,PETROL,479627.87
143,A13,2005-11-20,PETROL,456431.18
144,A14,2006-11-21,PETROL,9819.62
145,A1,2005-11-22,PETROL,183839.61
146,A2,2004-11-23,PETROL,384078.73
147,A3,2005-05-24,PETROL,183707.24
148,A4,2005-05-25,PETROL,31107.95
149,A5,2005-05-26,PETROL,384309.63
150,A6,2005-05-27,MOVIE TICKET,89467.92
151,A7,2005-05-28,CAMERA,22964.17
152,A8,2005-05-29,CAMERA,335298.81
153,A9,2005-05-30,CAMERA,306526.12
154,A10,2005-05-31,SHOPPING,118875.68
155,A11,2005-06-01,AIR TICKET,272982.02
156,A12,2005-06-02,BUS TICKET,189763.11
157,A13,2005-06-03,TRAIN TICKET,240226.29
158,A14,2005-07-03,RENTAL,294099.59
159,A1,2005-08-03,MOVIE TICKET,344372.1
160,A2,2005-09-03,JEWELLERY,117089.16
161,A3,2005-10-03,PETROL,445534.57
162,A4,2005-11-03,CLOTHES,23040.07
163,A5,2005-12-03,FOOD,230668.23
164,A6,2006-01-03,CAMERA,235787.09
165,A7,2006-02-03,SANDALS,202045.12
166,A8,2006-03-03,CAR,248077.43
167,A9,2006-04-03,BIKE,150348.46
168,A10,2006-05-03,AUTO,10615.48
169,A11,2006-06-03,SHOPPING,294577.34
170,A12,2006-07-03,AIR TICKET,77725.32
171,A13,2006-08-03,BUS TICKET,25860.69
172,A14,2006-09-03,TRAIN TICKET,108506.2
173,A1,2006-10-03,RENTAL,244534.68
174,A2,2006-11-03,MOVIE TICKET,75728.35
175,A3,2006-12-03,JEWELLERY,491710.5
176,A4,2004-01-12,PETROL,35293.85
177,A5,2004-01-03,CLOTHES,143057.63
178,A6,2004-01-15,FOOD,102914.5
179,A7,2004-01-25,FOOD,131957.64
180,A8,2005-01-17,FOOD,27596.71
181,A9,2005-02-23,FOOD,15000.55
182,A10,2005-02-01,FOOD,36477.84
183,A11,2004-02-05,FOOD,66306.06
184,A12,2005-02-28,FOOD,24218.26
185,A13,2005-02-16,FOOD,293846.44
186,A14,2005-02-23,FOOD,111896.48
187,A1,2005-02-03,FOOD,155611.91
188,A2,2006-02-04,FOOD,175345.84
189,A3,2006-03-25,FOOD,418516.31
190,A4,2006-03-31,FOOD,466690.74
191,A5,2006-03-23,FOOD,244557.11
192,A6,2006-03-24,FOOD,149094.95
193,A7,2006-03-25,FOOD,30727.68
194,A8,2006-03-26,FOOD,270994.47
195,A9,2006-03-27,FOOD,261113.44
196,A10,2006-03-28,FOOD,74554.87
197,A11,2006-03-29,FOOD,45366.66
198,A12,2006-03-30,SHOPPING,350004.39
199,A13,2006-03-31,AIR TICKET,460656.56
200,A14,2006-04-01,BUS TICKET,341157.43
201,A1,2006-04-02,TRAIN TICKET,176372.82
202,A2,2006-04-03,RENTAL,367364.53
203,A3,2006-04-04,MOVIE TICKET,16375.23
204,A4,2004-01-12,JEWELLERY,130804.05
205,A5,2004-01-03,PETROL,399316.12
206,A6,2004-01-15,CLOTHES,488508.91
207,A7,2004-01-25,FOOD,365615.44
208,A8,2004-01-12,CAMERA,219438.79
209,A9,2004-01-03,CAMERA,77322.7
210,A10,2004-01-15,CAMERA,31496.69
211,A11,2004-01-25,CAMERA,59091.19
212,A12,2004-01-12,SHOPPING,460555.54
213,A13,2004-01-03,AIR TICKET,120263.91
214,A14,2004-01-15,BUS TICKET,425291.52
215,A1,2004-01-25,TRAIN TICKET,394970.96
216,A2,2004-01-12,RENTAL,366519.94
217,A3,2004-01-03,MOVIE TICKET,368574.41
218,A4,2004-01-15,JEWELLERY,43757.56
219,A5,2004-01-12,PETROL,122573.12
220,A6,2004-01-03,CLOTHES,18162.3
221,A7,2004-01-15,CLOTHES,455534.79
222,A8,2004-01-25,CLOTHES,197893.32
223,A9,2005-01-17,CLOTHES,14500.38
224,A10,2005-02-23,CLOTHES,48568.07
225,A11,2005-02-01,CLOTHES,313864.03
226,A12,2004-02-05,CLOTHES,214891.01
227,A13,2005-02-28,CLOTHES,283832.24
228,A14,2005-02-16,CLOTHES,133659.56
229,A1,2005-02-23,CLOTHES,476702.09
230,A2,2005-02-03,CLOTHES,197585.76
231,A3,2006-02-04,CLOTHES,384693.67
232,A4,2006-03-25,CLOTHES,181142.29
233,A5,2006-03-31,CLOTHES,42224.84
234,A6,2006-03-23,CLOTHES,429780.86
235,A7,2004-03-19,CLOTHES,149173.49
236,A8,2006-03-05,CLOTHES,159812.18
237,A9,2005-04-04,CAMERA,46333.89
238,A10,2006-04-30,CAMERA,270721.68
239,A11,2004-04-25,CAMERA,483603.21
240,A12,2006-04-19,CAMERA,104548.34
241,A13,2004-04-06,SHOPPING,440316.95
242,A14,2005-04-27,AIR TICKET,205929.95
243,A1,2004-05-05,BUS TICKET,361141.31
244,A2,2006-05-06,TRAIN TICKET,369689.78
245,A3,2005-05-07,RENTAL,285184.71
246,A4,2006-05-08,MOVIE TICKET,497348.05
247,A5,2005-05-09,JEWELLERY,161445.71
248,A6,2006-05-10,PETROL,319011.87
249,A7,2006-07-11,PETROL,212275.8
250,A8,2005-08-12,PETROL,37708.16
251,A9,2004-09-13,PETROL,489715.08
252,A10,2005-11-20,PETROL,459690.69
253,A11,2006-11-21,PETROL,472854.21
254,A12,2005-11-22,PETROL,383087.29
255,A13,2004-11-23,PETROL,125216.76
256,A14,2005-05-24,PETROL,84390.34
257,A5,2005-05-25,PETROL,283338.48
258,A6,2005-05-26,PETROL,253033.48
259,A7,2005-05-27,PETROL,108439.47
260,A8,2005-05-28,PETROL,274522.32
261,A9,2005-05-29,PETROL,416832.87
262,A10,2005-05-30,PETROL,387940.9
263,A11,2005-05-31,PETROL,179462.61
264,A12,2005-06-01,CLOTHES,81201.58
265,A13,2005-06-02,FOOD,249438.28
266,A14,2005-06-03,CAMERA,370497.2
267,A15,2005-07-03,CAMERA,315252.93
268,A16,2005-08-03,CAMERA,148922.42
269,A17,2005-09-03,CAMERA,220824.11
270,A18,2005-10-03,SHOPPING,115488.88
271,A19,2005-11-03,AIR TICKET,167577.01
272,A20,2005-12-03,AIR TICKET,289182.73
273,A21,2006-01-03,AIR TICKET,477615.93
274,A22,2006-02-03,AIR TICKET,261854.22
275,A5,2006-03-03,AIR TICKET,10763.44
276,A6,2006-04-03,AIR TICKET,357943.87
277,A7,2006-05-03,AIR TICKET,305050.62
278,A8,2006-06-03,AIR TICKET,173354.23
279,A9,2006-07-03,AIR TICKET,349086.47
280,A10,2006-08-03,AIR TICKET,454827.23
281,A11,2006-09-03,AIR TICKET,67560.48
282,A12,2006-10-03,CAR,446841.82
283,A13,2006-11-03,BIKE,28139.06
284,A14,2006-12-03,AUTO,289884.23
285,A15,2004-01-12,SHOPPING,162080.83
286,A16,2004-01-03,AIR TICKET,405719.84
287,A17,2004-01-15,BUS TICKET,140735.03
288,A18,2004-01-25,TRAIN TICKET,82720.75
289,A19,2005-01-17,RENTAL,317065.31
290,A20,2005-02-23,MOVIE TICKET,460130.36
291,A21,2005-02-01,JEWELLERY,203505.93
292,A22,2004-02-05,PETROL,32089.03
293,A5,2005-02-28,CLOTHES,359966.31
294,A6,2005-02-16,FOOD,433956.78
295,A7,2005-02-23,CAMERA,314704.54
296,A8,2005-02-03,CAMERA,259015.91
297,A9,2006-02-04,CAMERA,190192.38
298,A10,2006-03-25,CAMERA,281472.15
299,A11,2006-03-31,CAMERA,312063.64
300,A12,2006-03-23,CAMERA,25824.98
301,A13,2006-03-24,CAMERA,77748.47
302,A14,2006-03-25,CAMERA,30849.09
303,A15,2006-03-26,CAMERA,50155.08
304,A16,2006-03-27,CAMERA,391477.9
305,A17,2006-03-28,CAMERA,249002.72
306,A18,2006-03-29,CAMERA,334432.74
307,A19,2006-03-30,CLOTHES,445841.52
308,A20,2006-03-31,FOOD,406960.62
309,A21,2006-04-01,CAMERA,265164.32
310,A22,2006-04-02,SANDALS,271866.51
311,A5,2006-04-03,CAR,165218.48
312,A6,2006-04-04,BIKE,498734.85
313,A7,2004-01-12,AUTO,498358.28
314,A8,2004-01-03,SHOPPING,185686.01
315,A9,2004-01-15,AIR TICKET,390506.29
316,A10,2004-01-25,BUS TICKET,211880.15
317,A11,2004-01-12,TRAIN TICKET,192485.69
318,A12,2004-01-03,RENTAL,497770.15
319,A13,2004-01-15,MOVIE TICKET,358215.28
320,A14,2004-01-25,JEWELLERY,102546.39
321,A15,2004-01-12,PETROL,300895.4
322,A16,2004-01-03,CLOTHES,105685.17
323,A17,2004-01-15,FOOD,246993.23
324,A18,2004-01-25,FOOD,466922.14
325,A19,2004-01-12,FOOD,410478.96
326,A20,2004-01-03,FOOD,294948.41
327,A21,2004-01-15,FOOD,100501.87
328,A22,2004-01-12,FOOD,370895.27
329,A5,2004-01-03,FOOD,326052.18
330,A6,2004-01-15,BUS TICKET,352326.62
331,A7,2004-01-25,TRAIN TICKET,461282.47
332,A8,2005-01-17,RENTAL,405002.42
333,A9,2005-02-23,MOVIE TICKET,83927.36
334,A10,2005-02-01,JEWELLERY,498388.88
335,A11,2004-02-05,PETROL,263577.25
336,A12,2005-02-28,CLOTHES,331227.52
337,A13,2005-02-16,FOOD,106381.38
338,A14,2005-02-23,CAMERA,442625.24
339,A15,2005-02-03,SANDALS,93032.72
340,A16,2006-02-04,CAR,435234.62
341,A17,2006-03-25,BIKE,110076.88
342,A18,2006-03-31,AUTO,478891.22
343,A19,2006-03-23,SHOPPING,243960.25
344,A20,2004-03-19,AIR TICKET,274363.73
345,A21,2006-03-05,BUS TICKET,210648.82
346,A22,2005-04-04,TRAIN TICKET,8987.04
347,A5,2006-04-30,RENTAL,42483.81
348,A6,2004-04-25,MOVIE TICKET,100962.14
349,A7,2006-04-19,JEWELLERY,165956.43
350,A8,2004-04-06,PETROL,35196.11
351,A9,2005-04-27,CLOTHES,79149.37
352,A10,2004-05-05,FOOD,239397.51
353,A11,2006-05-06,CAMERA,468501.45
354,A12,2005-05-07,CAMERA,442439.36
355,A13,2006-05-08,CAMERA,275775.47
356,A14,2005-05-09,CAMERA,177293.8
357,A15,2006-05-10,SHOPPING,496915.29
358,A16,2006-07-11,AIR TICKET,100425.24
359,A17,2005-08-12,BUS TICKET,206451.17
360,A18,2004-09-13,TRAIN TICKET,457364.09
361,A19,2005-11-20,RENTAL,266948.51
362,A20,2006-11-21,MOVIE TICKET,126928.82
363,A21,2005-11-22,JEWELLERY,401959.6
364,A22,2004-11-23,PETROL,417496.52
365,A12,2005-05-24,CLOTHES,319918.7
366,A13,2005-05-25,FOOD,382311.03
367,A14,2005-05-26,FOOD,471424.21
368,A15,2005-05-27,FOOD,30238.7
369,A16,2005-05-28,FOOD,423809.31
370,A17,2005-05-29,FOOD,242927.78
371,A18,2005-05-30,FOOD,234158.9
372,A19,2005-05-31,FOOD,117920.96
373,A20,2005-06-01,FOOD,405378.23
374,A21,2005-06-02,FOOD,247287.46
375,A22,2005-06-03,FOOD,273207.18
376,A23,2005-07-03,FOOD,332157.16
377,A24,2005-08-03,FOOD,75079.67
378,A25,2005-09-03,JEWELLERY,126931.94
379,A26,2005-10-03,PETROL,221293.03
380,A27,2005-11-03,CLOTHES,489749.85
381,A28,2005-12-03,FOOD,237335.43
382,A29,2006-01-03,CAMERA,368454.1
383,A30,2006-02-03,BIKE,398239.13
384,A12,2006-03-03,AUTO,371251.15
385,A13,2006-04-03,SHOPPING,218692.79
386,A14,2006-05-03,AIR TICKET,239984.25
387,A15,2006-06-03,BUS TICKET,88817.36
388,A16,2006-07-03,TRAIN TICKET,348188.74
389,A17,2006-08-03,RENTAL,214618.64
390,A18,2006-09-03,MOVIE TICKET,246029.64
391,A19,2006-10-03,JEWELLERY,200588.13
392,A20,2006-11-03,PETROL,344151.68
393,A21,2006-12-03,PETROL,452425.82
394,A22,2004-01-12,PETROL,106897.2
395,A23,2004-01-03,PETROL,466587.47
396,A24,2004-01-15,PETROL,224361.64
397,A25,2004-01-25,PETROL,243221.98
398,A26,2005-01-17,PETROL,282318.78
399,A27,2005-02-23,PETROL,492311.93
400,A28,2005-02-01,PETROL,273388.83
401,A29,2004-02-05,PETROL,229011.5
402,A30,2005-02-28,PETROL,15151.26
403,A12,2005-02-16,RENTAL,156616.01
404,A13,2005-02-23,MOVIE TICKET,418134.52
405,A14,2005-02-03,JEWELLERY,84974.29
406,A15,2006-02-04,PETROL,439946.6
407,A16,2006-03-25,CLOTHES,119406.07
408,A17,2006-03-31,FOOD,85707.18
409,A18,2006-03-23,CAMERA,393056.28
410,A19,2006-03-24,SANDALS,210962.36
411,A20,2006-03-25,CAR,250577.45
412,A21,2006-03-26,BIKE,397003.51
413,A22,2006-03-27,AUTO,66833.86
414,A23,2006-03-28,SHOPPING,131176.47
415,A24,2006-03-29,AIR TICKET,331656.4
416,A25,2006-03-30,BUS TICKET,198472.97
417,A26,2006-03-31,TRAIN TICKET,342428.74
418,A27,2006-04-01,RENTAL,8752.13
419,A28,2006-04-02,MOVIE TICKET,281679.6
420,A29,2006-04-03,JEWELLERY,311908.5
421,A30,2006-04-04,PETROL,199351.04
422,A12,2004-01-12,CLOTHES,468597.16
423,A13,2004-01-03,FOOD,481870.34
424,A14,2004-01-15,CAMERA,366089.04
425,A15,2004-01-25,CAMERA,3750.13
426,A16,2004-01-12,CAMERA,113443.41
427,A17,2004-01-03,CAMERA,11938.81
428,A18,2004-01-15,SHOPPING,107056.49
429,A19,2004-01-25,AIR TICKET,68610.51
430,A20,2004-01-12,BUS TICKET,433801.8
431,A21,2004-01-03,TRAIN TICKET,301196.52
432,A22,2004-01-15,RENTAL,265755.35
433,A23,2004-01-25,MOVIE TICKET,87297.77
434,A24,2004-01-12,JEWELLERY,454728.13
435,A25,2004-01-03,PETROL,350791.94
436,A26,2004-01-15,CLOTHES,362560.44
437,A27,2004-01-12,FOOD,197421.53
438,A28,2004-01-03,CAMERA,244467.34
439,A29,2004-01-15,SANDALS,228925.08
440,A30,2004-01-25,CAR,185370.01
441,A12,2005-01-17,BIKE,460150.85
442,A13,2005-02-23,AUTO,141539.79
443,A14,2005-02-01,SHOPPING,463680.6
444,A15,2004-02-05,AIR TICKET,68519.2
445,A16,2005-02-28,BUS TICKET,240855.67
446,A17,2005-02-16,TRAIN TICKET,94531.69
447,A18,2005-02-23,TRAIN TICKET,374791.98
448,A19,2005-02-03,TRAIN TICKET,425536.83
449,A20,2006-02-04,TRAIN TICKET,221480.81
450,A21,2006-03-25,TRAIN TICKET,473984.25
451,A22,2006-03-31,TRAIN TICKET,305269.62
452,A23,2006-03-23,TRAIN TICKET,80061.3
453,A24,2004-03-19,TRAIN TICKET,147422.97
454,A25,2006-03-05,TRAIN TICKET,427077.54
455,A26,2005-04-04,TRAIN TICKET,470973.98
456,A27,2006-04-30,TRAIN TICKET,369725.38
457,A28,2004-04-25,TRAIN TICKET,127611.72
458,A29,2006-04-19,TRAIN TICKET,46537.12
459,A30,2004-04-06,TRAIN TICKET,128905.28
460,A12,2005-04-27,TRAIN TICKET,380147.4
461,A13,2004-05-05,TRAIN TICKET,255449.53
462,A14,2006-05-06,TRAIN TICKET,156836.79
463,A15,2005-05-07,TRAIN TICKET,467341.95
464,A16,2006-05-08,TRAIN TICKET,454862.62
465,A17,2005-05-09,TRAIN TICKET,257904.07
466,A18,2006-05-10,TRAIN TICKET,221258.92
467,A19,2006-07-11,TRAIN TICKET,150833.96
468,A20,2005-08-12,TRAIN TICKET,328899.39
469,A21,2004-09-13,TRAIN TICKET,285472.35
470,A22,2005-11-20,TRAIN TICKET,349814.2
471,A23,2006-11-21,TRAIN TICKET,26965.4
472,A24,2005-11-22,TRAIN TICKET,443897.57
473,A25,2004-11-23,AIR TICKET,355617.91
474,A26,2005-05-24,AIR TICKET,134345.91
475,A27,2005-05-25,AIR TICKET,177658.85
476,A28,2005-05-26,AIR TICKET,264368.37
477,A29,2005-05-27,AIR TICKET,154259.1
478,A30,2005-05-28,AIR TICKET,128715.82
479,A12,2005-05-29,AIR TICKET,121365
480,A13,2005-05-30,AIR TICKET,299827.43
481,A14,2005-05-31,AIR TICKET,56048.99
482,A15,2005-06-01,AIR TICKET,243748.11
483,A16,2005-06-02,CAMERA,240074.15
484,A17,2005-06-03,CAMERA,242080.71
485,A18,2005-07-03,CAMERA,144899.97
486,A19,2005-08-03,SHOPPING,354199.11
487,A20,2005-09-03,AIR TICKET,244668.92
488,A21,2005-10-03,BUS TICKET,146556.94
489,A22,2005-11-03,TRAIN TICKET,439760.73
490,A23,2005-12-03,RENTAL,35298.96
491,A24,2006-01-03,MOVIE TICKET,309591.35
492,A25,2006-02-03,BIKE,402518.16
493,A26,2006-03-03,AUTO,303420.33
494,A27,2006-04-03,SHOPPING,352918.66
495,A28,2006-05-03,AIR TICKET,173633.94
496,A29,2006-06-03,BUS TICKET,443364.31
497,A30,2006-07-03,TRAIN TICKET,486794.37
498,A12,2006-08-03,RENTAL,319708.92
499,A13,2006-09-03,MOVIE TICKET,419809.4
500,A14,2006-10-03,JEWELLERY,414285.94
501,A15,2006-11-03,PETROL,86631.41
502,A16,2006-12-03,CLOTHES,267116.94
503,A17,2004-01-12,FOOD,298389
504,A18,2004-01-03,CAMERA,213041.24
505,A19,2004-01-15,CAMERA,184771.88
506,A20,2004-01-25,CAMERA,84269.28
507,A21,2005-01-17,CAMERA,322221.08
508,A22,2005-02-23,SHOPPING,108883.79
509,A23,2005-02-01,AIR TICKET,375898.65
510,A24,2004-02-05,BUS TICKET,385046.06
511,A25,2005-02-28,TRAIN TICKET,205987.83
512,A26,2005-02-16,TRAIN TICKET,415678.79
513,A27,2005-02-23,TRAIN TICKET,352374.29
514,A28,2005-02-03,TRAIN TICKET,271961.53
515,A29,2006-02-04,TRAIN TICKET,162812.94
516,A30,2006-03-25,TRAIN TICKET,326629.15
517,A12,2006-03-31,TRAIN TICKET,94325.47
518,A13,2006-03-23,TRAIN TICKET,202141.07
519,A14,2006-03-24,TRAIN TICKET,398349.58
520,A15,2006-03-25,TRAIN TICKET,475849.21
521,A16,2006-03-26,TRAIN TICKET,446844.83
522,A17,2006-03-27,AUTO,350241.67
523,A18,2006-03-28,SHOPPING,166127.87
524,A19,2006-03-29,AIR TICKET,304332.65
525,A20,2006-03-30,BUS TICKET,26142.18
526,A21,2006-03-31,TRAIN TICKET,321996.06
527,A22,2006-04-01,RENTAL,258226.14
528,A23,2006-04-02,MOVIE TICKET,180035.15
529,A24,2006-04-03,JEWELLERY,348056.92
530,A25,2006-04-04,PETROL,40536.92
531,A26,2004-01-12,CLOTHES,375306.52
532,A27,2004-01-03,FOOD,469890.94
533,A28,2004-01-15,CAMERA,386576.93
534,A29,2004-01-25,CAMERA,218170.12
535,A30,2004-01-12,CAMERA,217223.51
536,A12,2004-01-03,CAMERA,42797
537,A13,2004-01-15,SHOPPING,254686.6
538,A14,2004-01-25,AIR TICKET,474714.13
539,A15,2004-01-12,BUS TICKET,303303.37
540,A16,2004-01-03,TRAIN TICKET,78523.66
541,A17,2004-01-15,RENTAL,41401.91
542,A18,2004-01-25,MOVIE TICKET,383683.27
543,A19,2004-01-12,JEWELLERY,260909.8
544,A20,2004-01-03,PETROL,85002.75
545,A21,2004-01-15,PETROL,285085.87
546,A22,2004-01-12,PETROL,300820.31
547,A23,2004-01-03,PETROL,305868.49
548,A24,2004-01-15,PETROL,111188.2
549,A25,2004-01-25,PETROL,90922.64
550,A26,2005-01-17,PETROL,361523.06
551,A27,2005-02-23,PETROL,471034.84
552,A28,2005-02-01,PETROL,116750.34
553,A29,2004-02-05,PETROL,278863
554,A30,2005-02-28,PETROL,36965.64
555,A12,2005-02-16,PETROL,176757.27
556,A13,2005-02-23,PETROL,95830.82
557,A14,2005-02-03,PETROL,83322.44
558,A15,2006-02-04,PETROL,209048.7
559,A16,2006-03-25,PETROL,395533.64
560,A17,2006-03-31,PETROL,274440.33
561,A18,2006-03-23,PETROL,401618.63
562,A19,2004-03-19,PETROL,186400.75
563,A20,2006-03-05,PETROL,472065.9
564,A21,2005-04-04,PETROL,496358.65
565,A22,2006-04-30,PETROL,173753.09
566,A23,2004-04-25,PETROL,253518.4
567,A24,2006-04-19,AIR TICKET,273446.21
568,A25,2004-04-06,BUS TICKET,230766.62
569,A26,2005-04-27,TRAIN TICKET,257300.05
570,A27,2004-05-05,RENTAL,14664.26
571,A28,2006-05-06,MOVIE TICKET,369866.99
572,A29,2005-05-07,JEWELLERY,233184.94
573,A30,2006-05-08,PETROL,418068.11
574,A12,2005-05-09,CLOTHES,338783.93
575,A13,2006-05-10,FOOD,325317.86
576,A14,2006-07-11,CAMERA,268233.08
577,A15,2005-08-12,SANDALS,158508.85
578,A16,2004-09-13,CAR,173566
579,A17,2005-11-20,BIKE,57111.38
580,A18,2006-11-21,AUTO,74647.08
581,A19,2005-11-22,SHOPPING,457672.04
582,A20,2004-11-23,AIR TICKET,63132.03
583,A21,2005-05-24,BUS TICKET,344430.33
584,A22,2005-05-25,TRAIN TICKET,243032.21
585,A23,2005-05-26,RENTAL,181781.71
586,A24,2005-05-27,MOVIE TICKET,47758.62
587,A25,2005-05-28,JEWELLERY,277274.22
588,A26,2005-05-29,PETROL,263742.81
589,A27,2005-05-30,CLOTHES,204785.22
590,A28,2005-05-31,FOOD,3411.29
591,A29,2005-06-01,CAMERA,54620.12
592,A30,2005-06-02,CAMERA,191424.9
593,A12,2005-06-03,CAMERA,411533.34
594,A13,2005-07-03,CAMERA,358931.43
595,A14,2005-08-03,SHOPPING,190016.43
596,A15,2005-09-03,AIR TICKET,182661.18
597,A16,2005-10-03,BUS TICKET,384670.92
598,A17,2005-11-03,TRAIN TICKET,433833.71
599,A18,2005-12-03,RENTAL,15237.44
600,A19,2006-01-03,MOVIE TICKET,467517.17
601,A20,2006-02-03,BIKE,292011.92
602,A21,2006-03-03,AUTO,419650.32
603,A22,2006-04-03,SHOPPING,298006.4
604,A23,2006-05-03,AIR TICKET,231938.93
605,A24,2006-06-03,BUS TICKET,224580.2
606,A25,2006-07-03,TRAIN TICKET,198030.12
607,A26,2006-08-03,TRAIN TICKET,35327.74
608,A27,2006-09-03,TRAIN TICKET,43209.23
609,A28,2006-10-03,TRAIN TICKET,212421.86
610,A29,2006-11-03,TRAIN TICKET,390356.14
611,A30,2006-12-03,TRAIN TICKET,26024.81
612,A21,2004-01-12,TRAIN TICKET,7745.43
613,A22,2004-01-03,TRAIN TICKET,125328.55
614,A23,2004-01-15,CAMERA,480300.25
615,A24,2004-01-25,CAMERA,394126.79
616,A25,2005-01-17,CAMERA,490544.87
617,A26,2005-02-23,SHOPPING,80955.58
618,A27,2005-02-01,AIR TICKET,495380.87
619,A28,2004-02-05,BUS TICKET,433938.24
620,A29,2005-02-28,TRAIN TICKET,97453.58
621,A30,2005-02-16,RENTAL,172882.73
622,A31,2005-02-23,MOVIE TICKET,365289.56
623,A32,2005-02-03,JEWELLERY,159777.48
624,A33,2006-02-04,PETROL,463760.44
625,A34,2006-03-25,CLOTHES,82968.84
626,A35,2006-03-31,FOOD,450148.29
627,A36,2006-03-23,CAMERA,459204.63
628,A37,2006-03-24,SANDALS,74094.38
629,A38,2006-03-25,CAR,244200.96
630,A39,2006-03-26,BIKE,485795.37
631,A40,2006-03-27,AUTO,99353.97
632,A41,2006-03-28,SHOPPING,85819.67
633,A42,2006-03-29,AIR TICKET,144988.11
634,A43,2006-03-30,AIR TICKET,103998.18
635,A44,2006-03-31,AIR TICKET,226635.78
636,A45,2006-04-01,AIR TICKET,124341.01
637,A46,2006-04-02,AIR TICKET,124053.97
638,A47,2006-04-03,AIR TICKET,18323.16
639,A48,2006-04-04,PETROL,247521.54
640,A49,2004-01-12,CLOTHES,40475.02
641,A21,2004-01-03,FOOD,30519.76
642,A22,2004-01-15,CAMERA,475953.8
643,A23,2004-01-25,CAMERA,253857.83
644,A24,2004-01-12,CAMERA,237337.83
645,A25,2004-01-03,CAMERA,23294.48
646,A26,2004-01-15,SHOPPING,261692.39
647,A27,2004-01-25,AIR TICKET,97871.07
648,A28,2004-01-12,BUS TICKET,262616.72
649,A29,2004-01-03,TRAIN TICKET,21684.16
650,A30,2004-01-15,RENTAL,225054.24
651,A31,2004-01-25,MOVIE TICKET,137518.83
652,A32,2004-01-12,JEWELLERY,216864.52
653,A33,2004-01-03,PETROL,138421.11
654,A34,2004-01-15,CLOTHES,466544.83
655,A35,2004-01-12,FOOD,186372.92
656,A36,2004-01-03,CAMERA,287005.59
657,A37,2004-01-15,SANDALS,229465.95
658,A38,2004-01-25,CAR,228125.55
659,A39,2005-01-17,BIKE,167209.08
660,A40,2005-02-23,AUTO,420236.51
661,A41,2005-02-01,SHOPPING,101106.11
662,A42,2004-02-05,AIR TICKET,286098.09
663,A43,2005-02-28,BUS TICKET,15396.69
664,A44,2005-02-16,TRAIN TICKET,250251.61
665,A45,2005-02-23,RENTAL,186323.02
666,A46,2005-02-03,MOVIE TICKET,358660.69
667,A47,2006-02-04,JEWELLERY,229296.58
668,A48,2006-03-25,PETROL,266398.58
669,A49,2006-03-31,CLOTHES,455338.45
670,A21,2006-03-23,FOOD,7215.93
671,A22,2004-03-19,FOOD,361901.35
672,A23,2006-03-05,FOOD,155438.87
673,A24,2005-04-04,FOOD,315972.76
674,A25,2006-04-30,FOOD,344070.77
675,A26,2004-04-25,FOOD,231655.43
676,A27,2006-04-19,FOOD,462854.42
677,A28,2004-04-06,FOOD,81892.36
678,A29,2005-04-27,FOOD,240214.02
679,A30,2004-05-05,FOOD,114221.97
680,A31,2006-05-06,FOOD,129742.89
681,A32,2005-05-07,FOOD,244776.66
682,A33,2006-05-08,FOOD,204502
683,A34,2005-05-09,FOOD,498239.75
684,A35,2006-05-10,FOOD,136751.65
685,A36,2006-07-11,FOOD,251373.69
686,A37,2005-08-12,FOOD,241311.1
687,A38,2004-09-13,FOOD,417226.49
688,A39,2005-11-20,FOOD,60263.41
689,A40,2006-11-21,AUTO,126871.99
690,A41,2005-11-22,SHOPPING,456924.22
691,A42,2004-11-23,AIR TICKET,372728.16
692,A43,2005-05-24,BUS TICKET,443217.84
693,A44,2005-05-25,BUS TICKET,200964.95
694,A45,2005-05-26,BUS TICKET,73482.96
695,A46,2005-05-27,BUS TICKET,129951.4
696,A47,2005-05-28,BUS TICKET,241188.76
697,A48,2005-05-29,BUS TICKET,426614.08
698,A49,2005-05-30,CLOTHES,157365.53
699,A21,2005-05-31,FOOD,246951.23
700,A22,2005-06-01,CAMERA,140610.03
701,A23,2005-06-02,CAMERA,102054.01
702,A24,2005-06-03,CAMERA,132168.57
703,A25,2005-07-03,CAMERA,206823.3
704,A26,2005-08-03,SHOPPING,296347.74
705,A27,2005-09-03,AIR TICKET,230322.18
706,A28,2005-10-03,BUS TICKET,73160.06
707,A29,2005-11-03,TRAIN TICKET,206606.23
708,A30,2005-12-03,RENTAL,720.3
709,A31,2006-01-03,MOVIE TICKET,66243.39
710,A32,2006-02-03,BIKE,199609.77
711,A33,2006-03-03,AUTO,248230.74
712,A34,2006-04-03,SHOPPING,233589.9
713,A35,2006-05-03,AIR TICKET,65398.35
714,A36,2006-06-03,BUS TICKET,96813.59
715,A37,2006-07-03,TRAIN TICKET,458678.35
716,A38,2006-08-03,RENTAL,300875.97
717,A39,2006-09-03,MOVIE TICKET,181063.2
718,A40,2006-10-03,JEWELLERY,191356.83
719,A41,2006-11-03,PETROL,192444.32
720,A42,2006-12-03,PETROL,40039.21
721,A43,2004-01-12,PETROL,184196.36
722,A44,2004-01-03,PETROL,356066.71
723,A45,2004-01-15,PETROL,75573.11
724,A46,2004-01-25,PETROL,267131.45
725,A47,2005-01-17,PETROL,491157.84
726,A48,2005-02-23,PETROL,119154.53
727,A49,2005-02-01,PETROL,386104.28
728,A21,2004-02-05,BUS TICKET,237115.63
729,A22,2005-02-28,TRAIN TICKET,302388.32
730,A23,2005-02-16,RENTAL,197038.23
731,A24,2005-02-23,MOVIE TICKET,264923.52
732,A25,2005-02-03,JEWELLERY,154873.49
733,A26,2006-02-04,PETROL,414605.84
734,A27,2006-03-25,CLOTHES,176726.17
735,A28,2006-03-31,FOOD,414189.28
736,A29,2006-03-23,CAMERA,443887.97
737,A30,2006-03-24,SANDALS,386921.68
738,A31,2006-03-25,CAR,395334.34
739,A32,2006-03-26,BIKE,35500.21
740,A33,2006-03-27,AUTO,48100.54
741,A34,2006-03-28,SHOPPING,375766.56
742,A35,2006-03-29,AIR TICKET,225983.14
743,A36,2006-03-30,BUS TICKET,417162.64
744,A37,2006-03-31,TRAIN TICKET,26581.48
745,A38,2006-04-01,RENTAL,407739.24
746,A39,2006-04-02,MOVIE TICKET,324081.7
747,A40,2006-04-03,JEWELLERY,145012.68
748,A41,2006-04-04,PETROL,131174.73
749,A42,2004-01-12,CLOTHES,141563.54
750,A43,2004-01-03,FOOD,330665.44
751,A44,2004-01-15,CAMERA,351400.14
752,A45,2004-01-25,CAMERA,411426.41
753,A46,2004-01-12,CAMERA,494080.27
754,A47,2004-01-03,CAMERA,283770.39
755,A48,2004-01-15,SHOPPING,282045.39
756,A49,2004-01-25,SHOPPING,386653.87
757,A21,2004-01-12,SHOPPING,163616.63
758,A22,2004-01-03,SHOPPING,301201.09
759,A23,2004-01-15,SHOPPING,260098.89
760,A24,2004-01-25,SHOPPING,404163.7
761,A25,2004-01-12,SHOPPING,349503.46
762,A26,2004-01-03,SHOPPING,279048
763,A27,2004-01-15,SHOPPING,80025.92
764,A28,2004-01-12,SHOPPING,358051.32
765,A29,2004-01-03,SHOPPING,438791.16
766,A30,2004-01-15,SHOPPING,67694.98
767,A31,2004-01-25,SHOPPING,165171.24
768,A32,2005-01-17,SHOPPING,316103.34
769,A33,2005-02-23,SHOPPING,165592.71
770,A34,2005-02-01,SHOPPING,6253.94
771,A35,2004-02-05,SHOPPING,335390.18
772,A36,2005-02-28,SHOPPING,286964.08
773,A37,2005-02-16,SHOPPING,86990.79
774,A38,2005-02-23,SHOPPING,185013.36
775,A39,2005-02-03,SHOPPING,353921.93
776,A40,2006-02-04,SHOPPING,499270
777,A41,2006-03-25,SHOPPING,490167.49
778,A42,2006-03-31,SHOPPING,294468.59
779,A43,2006-03-23,FOOD,119462.84
780,A44,2004-03-19,CAMERA,177733.11
781,A45,2006-03-05,CAMERA,145143.35
782,A46,2005-04-04,CAMERA,424045.33
783,A47,2006-04-30,CAMERA,193276.02
784,A48,2004-04-25,SHOPPING,34982.74
785,A49,2006-04-19,AIR TICKET,299401.37
786,A21,2004-04-06,BUS TICKET,493598.56
787,A22,2005-04-27,TRAIN TICKET,113305.19
788,A23,2004-05-05,RENTAL,52465.01
789,A24,2006-05-06,MOVIE TICKET,209455.48
790,A25,2005-05-07,JEWELLERY,128793.37
791,A26,2006-05-08,PETROL,463993.83
792,A27,2005-05-09,CLOTHES,182736.3
793,A28,2006-05-10,FOOD,232686.75
794,A29,2006-07-11,FOOD,240514.39
795,A30,2005-08-12,FOOD,29810.73
796,A31,2004-09-13,FOOD,263890.87
797,A32,2005-11-20,FOOD,368599.3
798,A33,2006-11-21,FOOD,23275.87
799,A34,2005-11-22,FOOD,85859.39
800,A35,2004-11-23,FOOD,391870.74
801,A36,2005-05-24,FOOD,496072.76
802,A37,2005-05-25,FOOD,150148.45
803,A38,2005-05-26,FOOD,280245.71
804,A39,2005-05-27,FOOD,403778.62
805,A40,2005-05-28,FOOD,186138.24
806,A41,2005-05-29,FOOD,60304.43
807,A42,2005-05-30,FOOD,43753.68
808,A43,2005-05-31,FOOD,267999.1
809,A44,2005-06-01,FOOD,361272.59
810,A45,2005-06-02,CAMERA,294119.36
811,A46,2005-06-03,CAMERA,233861.96
812,A47,2005-07-03,CAMERA,198756.63
813,A48,2005-08-03,SHOPPING,49510
814,A49,2005-09-03,AIR TICKET,235659.19
815,A21,2005-10-03,BUS TICKET,223145.13
816,A22,2005-11-03,TRAIN TICKET,170559.4
817,A23,2005-12-03,RENTAL,124640
818,A24,2006-01-03,MOVIE TICKET,462995.84
819,A25,2006-02-03,BIKE,263854.61
820,A26,2006-03-03,AUTO,25432.18
821,A27,2006-04-03,SHOPPING,61135.65
822,A28,2006-05-03,AIR TICKET,275438.49
823,A29,2006-06-03,BUS TICKET,169355
824,A30,2006-07-03,TRAIN TICKET,485008
825,A31,2006-08-03,RENTAL,85382.67
826,A32,2006-09-03,MOVIE TICKET,27775.52
827,A33,2006-10-03,JEWELLERY,279027.95
828,A34,2006-11-03,PETROL,153867.24
829,A35,2006-12-03,CLOTHES,218106.45
830,A36,2004-01-12,FOOD,307709.66
831,A37,2004-01-03,FOOD,27976.77
832,A38,2004-01-15,FOOD,275556.49
833,A39,2004-01-25,FOOD,355377.41
834,A40,2005-01-17,FOOD,292527.95
835,A41,2005-02-23,FOOD,263480.57
836,A42,2005-02-01,FOOD,7893.31
837,A43,2004-02-05,FOOD,233725.77
838,A44,2005-02-28,FOOD,56057.23
839,A45,2005-02-16,FOOD,9284.48
840,A46,2005-02-23,FOOD,260023.41
841,A47,2005-02-03,FOOD,388917.17
842,A48,2006-02-04,FOOD,317908.41
843,A49,2006-03-25,PETROL,246967.66
844,A21,2006-03-31,PETROL,33232.51
845,A22,2006-03-23,PETROL,407904.49
846,A23,2006-03-24,PETROL,51156.94
847,A24,2006-03-25,PETROL,162465.63
848,A25,2006-03-26,PETROL,498505.03
849,A26,2006-03-27,PETROL,21927.17
850,A27,2006-03-28,PETROL,339194.54
851,A28,2006-03-29,PETROL,371352.88
852,A29,2006-03-30,PETROL,222353.74
853,A30,2006-03-31,PETROL,301277.49
854,A31,2006-04-01,PETROL,144778.97
855,A32,2006-04-02,PETROL,433634.64
856,A33,2006-04-03,PETROL,454644.63
857,A34,2006-04-04,PETROL,133722.6
858,A35,2004-01-12,PETROL,91775.55
859,A36,2004-01-03,PETROL,224627.37
860,A37,2004-01-15,CAMERA,111107.26
861,A38,2004-01-25,CAMERA,107911.83
862,A39,2004-01-12,CAMERA,288144.81
863,A40,2004-01-03,CAMERA,34362.04
864,A41,2004-01-15,SHOPPING,43992.58
865,A42,2004-01-25,AIR TICKET,453509.16
866,A43,2004-01-12,BUS TICKET,2050.46
867,A44,2004-01-03,TRAIN TICKET,151668.91
868,A45,2004-01-15,RENTAL,161573.42
869,A46,2004-01-25,MOVIE TICKET,19186.72
870,A47,2004-01-12,JEWELLERY,314699.51
871,A48,2004-01-03,JEWELLERY,406928.06
872,A49,2004-01-15,JEWELLERY,345729.19
873,A21,2004-01-12,JEWELLERY,433696.96
874,A22,2004-01-03,JEWELLERY,303466.61
875,A23,2004-01-15,JEWELLERY,69355.05
876,A24,2004-01-25,JEWELLERY,430799.04
877,A25,2005-01-17,JEWELLERY,79291.21
878,A26,2005-02-23,JEWELLERY,305465.61
879,A27,2005-02-01,JEWELLERY,15119.02
880,A28,2004-02-05,JEWELLERY,343726.4
881,A29,2005-02-28,JEWELLERY,93340.75
882,A30,2005-02-16,JEWELLERY,59948.79
883,A31,2005-02-23,JEWELLERY,397203.8
884,A32,2005-02-03,JEWELLERY,354837.8
885,A33,2006-02-04,JEWELLERY,125000.86
886,A34,2006-03-25,PETROL,440358.09
887,A35,2006-03-31,CLOTHES,446737.37
888,A36,2006-03-23,FOOD,356399.69
889,A37,2004-03-19,CAMERA,77428.8
890,A38,2006-03-05,CAMERA,414549.6
891,A39,2005-04-04,CAMERA,116922.75
892,A40,2006-04-30,CAMERA,433536.56
893,A41,2004-04-25,SHOPPING,113880.35
894,A42,2006-04-19,AIR TICKET,80126.02
895,A43,2004-04-06,BUS TICKET,45776.33
896,A44,2005-04-27,TRAIN TICKET,67106.22
897,A45,2004-05-05,RENTAL,164774.87
898,A46,2006-05-06,MOVIE TICKET,107131.99
899,A47,2005-05-07,JEWELLERY,113393.97
900,A48,2006-05-08,PETROL,219878.43
901,A49,2005-05-09,CLOTHES,19535.76
902,A21,2006-05-10,FOOD,376647.18
903,A22,2006-07-11,CAMERA,283358.58
904,A23,2005-08-12,SANDALS,367328.29
905,A24,2004-09-13,CAR,245802.04
906,A25,2005-11-20,BIKE,285920.94
907,A26,2006-11-21,AUTO,61353.41
908,A27,2005-11-22,SHOPPING,354327.81
909,A28,2004-11-23,AIR TICKET,14366.69
910,A29,2005-05-24,BUS TICKET,265848.39
911,A30,2005-05-25,TRAIN TICKET,62187.18
912,A31,2005-05-26,RENTAL,471605.19
913,A32,2005-05-27,MOVIE TICKET,176437.12
914,A33,2005-05-28,JEWELLERY,336485.62
915,A34,2005-05-29,PETROL,183735.91
916,A35,2005-05-30,CLOTHES,362301.38
917,A36,2005-05-31,FOOD,122617.61
918,A37,2005-06-01,CAMERA,50235.89
919,A38,2005-06-02,CAMERA,295174.49
920,A39,2005-06-03,CAMERA,304014.76
921,A40,2005-07-03,CAMERA,129401.85
922,A41,2005-08-03,SHOPPING,205957.68
923,A42,2005-09-03,AIR TICKET,472948.31
924,A43,2005-10-03,BUS TICKET,226901.89
925,A44,2005-11-03,TRAIN TICKET,143938.47
926,A45,2005-12-03,RENTAL,363792.42
927,A46,2006-01-03,MOVIE TICKET,126649.31
928,A47,2006-02-03,BIKE,183569.21
929,A48,2006-03-03,AUTO,65503.17
930,A49,2006-04-03,SHOPPING,101649.18
931,A21,2006-05-03,AIR TICKET,113200.17
932,A22,2006-06-03,BUS TICKET,51202.64
933,A23,2006-07-03,TRAIN TICKET,80146.72
934,A24,2006-08-03,RENTAL,30320.99
935,A25,2006-09-03,MOVIE TICKET,92798.13
936,A26,2006-10-03,JEWELLERY,108244.31
937,A27,2006-11-03,PETROL,313971.93
938,A28,2006-12-03,PETROL,338008.71
939,A29,2004-01-12,PETROL,20495.38
940,A30,2004-01-03,PETROL,130672.52
941,A31,2004-01-15,PETROL,320380.04
942,A32,2004-01-25,PETROL,415157.13
943,A33,2005-01-17,PETROL,200640.88
944,A34,2005-02-23,PETROL,138620.27
945,A35,2005-02-01,PETROL,476580.37
946,A36,2004-02-05,PETROL,116596.73
947,A37,2005-02-28,PETROL,19802.37
948,A38,2005-02-16,PETROL,63717.23
949,A39,2005-02-23,PETROL,341861.45
950,A40,2005-02-03,PETROL,424777.36
951,A41,2006-02-04,PETROL,194545.21
952,A42,2006-03-25,PETROL,430388.48
953,A43,2006-03-31,PETROL,179004.8
954,A44,2006-03-23,CAMERA,32196.69
955,A45,2006-03-24,SANDALS,95884.95
956,A46,2006-03-25,CAR,284500.68
957,A47,2006-03-26,BIKE,268828.1
958,A48,2006-03-27,AUTO,307106.39
959,A49,2006-03-28,SHOPPING,440051.52
960,A21,2006-03-29,SHOPPING,294034.8
961,A22,2006-03-30,SHOPPING,352119.02
962,A23,2006-03-31,SHOPPING,450293.71
963,A24,2006-04-01,SHOPPING,164338.8
964,A25,2006-04-02,SHOPPING,428879.43
965,A26,2006-04-03,SHOPPING,492859.63
966,A27,2006-04-04,SHOPPING,218927.78
967,A28,2004-01-12,SHOPPING,161855.12
968,A29,2004-01-03,SHOPPING,426277.52
969,A30,2004-01-15,SHOPPING,303464.1
970,A31,2004-01-25,SHOPPING,237308.95
971,A32,2004-01-12,SHOPPING,209872.62
972,A33,2004-01-03,SHOPPING,81844.83
973,A34,2004-01-15,SHOPPING,465597.89
974,A35,2004-01-25,SHOPPING,204078.13
975,A36,2004-01-12,SHOPPING,203440.77
976,A37,2004-01-03,SHOPPING,163076.96
977,A38,2004-01-15,BUS TICKET,404751.72
978,A39,2004-01-25,BUS TICKET,464383.08
979,A40,2004-01-12,BUS TICKET,330806.43
980,A41,2004-01-03,BUS TICKET,342592.96
981,A42,2004-01-15,BUS TICKET,154567.49
982,A43,2004-01-12,BUS TICKET,315666.16
983,A44,2004-01-03,CAMERA,146353.74
984,A45,2004-01-15,SANDALS,125247.8
985,A46,2004-01-25,CAR,327551.25
986,A47,2005-01-17,BIKE,480083.72
987,A48,2005-02-23,AUTO,372088.27
988,A49,2005-02-01,SHOPPING,183749.38
989,A36,2004-02-05,AIR TICKET,182487.8
990,A37,2005-02-28,BUS TICKET,281169.07
991,A38,2005-02-16,TRAIN TICKET,219484.22
992,A39,2005-02-23,RENTAL,120381.64
993,A40,2005-02-03,MOVIE TICKET,392953.14
994,A41,2006-02-04,JEWELLERY,90834.52
995,A42,2006-03-25,PETROL,135385.11
996,A43,2006-03-31,CLOTHES,388075.64
997,A44,2006-03-23,FOOD,415876.54
998,A45,2004-03-19,CAMERA,103174.87
999,A46,2006-03-05,CAMERA,324481.71
1000,A47,2005-04-04,CAMERA,339582.17
1001,A48,2006-04-30,CAMERA,99760.02
1002,A49,2004-04-25,SHOPPING,423754.26
1003,A50,2006-04-19,AIR TICKET,54611.14
1004,A51,2004-04-06,BUS TICKET,50547.17
1005,A52,2005-04-27,TRAIN TICKET,384129.51
1006,A53,2004-05-05,RENTAL,376349.64
1007,A54,2006-05-06,MOVIE TICKET,377756.6
1008,A55,2005-05-07,JEWELLERY,274133.64
1009,A56,2006-05-08,PETROL,67738.19
1010,A57,2005-05-09,CLOTHES,324848.19
1011,A58,2006-05-10,FOOD,420015.08
1012,A59,2006-07-11,CAMERA,397479.97
1013,A60,2005-08-12,SANDALS,206631.21
1014,A61,2004-09-13,CAR,110279.02
1015,A60,2005-11-20,BIKE,230675.49
1016,A61,2006-11-21,BIKE,332876.9
1017,A62,2005-11-22,BIKE,32324.84
1018,A36,2004-11-23,BIKE,348426.37
1019,A37,2005-05-24,BIKE,284117.93
1020,A38,2005-05-25,BIKE,110111.28
1021,A39,2005-05-26,BIKE,55927.32
1022,A40,2005-05-27,BIKE,31688.89
1023,A41,2005-05-28,BIKE,224579.57
1024,A42,2005-05-29,BIKE,453314.4
1025,A43,2005-05-30,BIKE,226498.33
1026,A44,2005-05-31,BIKE,121469.49
1027,A45,2005-06-01,CAMERA,491753.36
1028,A46,2005-06-02,CAMERA,290725.04
1029,A47,2005-06-03,CAMERA,187801.98
1030,A48,2005-07-03,CAMERA,332536
1031,A49,2005-08-03,SHOPPING,65101.88
1032,A50,2005-09-03,AIR TICKET,8168.97
1033,A51,2005-10-03,BUS TICKET,147529.24
1034,A52,2005-11-03,TRAIN TICKET,83386.16
1035,A53,2005-12-03,RENTAL,174828.97
1036,A54,2006-01-03,MOVIE TICKET,215987.8
1037,A55,2006-02-03,BIKE,56497.89
1038,A56,2006-03-03,AUTO,481580.09
1039,A57,2006-04-03,SHOPPING,426980.66
1040,A58,2006-05-03,AIR TICKET,316601.57
1041,A59,2006-06-03,BUS TICKET,94838.4
1042,A60,2006-07-03,TRAIN TICKET,283607.25
1043,A61,2006-08-03,RENTAL,174906.54
1044,A60,2006-09-03,RENTAL,299701.84
1045,A61,2006-10-03,RENTAL,460195.99
1046,A62,2006-11-03,RENTAL,439845.09
1047,A36,2006-12-03,RENTAL,226412.38
1048,A37,2004-01-12,RENTAL,77900.29
1049,A38,2004-01-03,RENTAL,85689.3
1050,A39,2004-01-15,RENTAL,114900.36
1051,A40,2004-01-25,RENTAL,403947.27
1052,A41,2005-01-17,CAMERA,450578.23
1053,A42,2005-02-23,SHOPPING,76038.08
1054,A43,2005-02-01,AIR TICKET,407946.59
1055,A44,2004-02-05,BUS TICKET,340544.62
1056,A45,2005-02-28,TRAIN TICKET,228660.27
1057,A46,2005-02-16,RENTAL,34784.32
1058,A47,2005-02-23,MOVIE TICKET,474320.8
1059,A48,2005-02-03,JEWELLERY,23181.87
1060,A49,2006-02-04,PETROL,482868.15
1061,A50,2006-03-25,CLOTHES,316407.9
1062,A51,2006-03-31,FOOD,101223.17
1063,A52,2006-03-23,CAMERA,498834.63
1064,A53,2006-03-24,SANDALS,76785.72
1065,A54,2006-03-25,CAR,129802.8
1066,A55,2006-03-26,BIKE,243954.19
1067,A56,2006-03-27,AUTO,27387.07
1068,A57,2006-03-28,SHOPPING,228739.09
1069,A58,2006-03-29,AIR TICKET,465473.69
1070,A59,2006-03-30,BUS TICKET,30563.8
1071,A60,2006-03-31,TRAIN TICKET,494568.87
1072,A61,2006-04-01,RENTAL,129534.9
1073,A60,2006-04-02,MOVIE TICKET,185732.4
1074,A61,2006-04-03,JEWELLERY,353502.17
1075,A62,2006-04-04,PETROL,105742.96
1076,A36,2004-01-12,CLOTHES,162661.94
1077,A37,2004-01-03,FOOD,259198.87
1078,A38,2004-01-15,FOOD,320874.38
1079,A39,2004-01-25,FOOD,100800.94
1080,A40,2004-01-12,FOOD,66602.49
1081,A41,2004-01-03,FOOD,433783.86
1082,A42,2004-01-15,FOOD,404252.34
1083,A43,2004-01-25,FOOD,114273.79
1084,A44,2004-01-12,FOOD,8515.14
1085,A45,2004-01-03,FOOD,74516.8
1086,A46,2004-01-15,FOOD,221086.85
1087,A47,2004-01-25,FOOD,60074.98
1088,A48,2004-01-12,FOOD,378804.82
1089,A49,2004-01-03,FOOD,210344.43
1090,A50,2004-01-15,CLOTHES,274264.14
1091,A51,2004-01-12,FOOD,27864.41
1092,A52,2004-01-03,CAMERA,297279.72
1093,A53,2004-01-15,SANDALS,19618.01
1094,A54,2004-01-25,CAR,449633.79
1095,A55,2005-01-17,BIKE,275748.35
1096,A56,2005-02-23,AUTO,117670.21
1097,A57,2005-02-01,SHOPPING,233010.16
1098,A58,2004-02-05,AIR TICKET,144440.23
1099,A59,2005-02-28,BUS TICKET,113224.52
1100,A60,2005-02-16,TRAIN TICKET,327726.3
1101,A61,2005-02-23,RENTAL,330733.51
1102,A60,2005-02-03,MOVIE TICKET,477311.41
1103,A61,2006-02-04,JEWELLERY,42791.79
1104,A62,2006-03-25,PETROL,84003.7
1105,A36,2006-03-31,CLOTHES,407852.39
1106,A37,2006-03-23,FOOD,275710.82
1107,A38,2004-03-19,CAMERA,427931.8
1108,A39,2006-03-05,CAMERA,130074.01
1109,A40,2005-04-04,CAMERA,324128.5
1110,A41,2006-04-30,CAMERA,332435.42
1111,A42,2004-04-25,SHOPPING,206593.28
1112,A43,2006-04-19,AIR TICKET,35700.4
1113,A44,2004-04-06,BUS TICKET,260128.03
1114,A45,2005-04-27,TRAIN TICKET,135514.74
1115,A46,2004-05-05,RENTAL,126813.36
1116,A47,2006-05-06,MOVIE TICKET,161515.46
1117,A48,2005-05-07,JEWELLERY,252266.14
1118,A49,2006-05-08,PETROL,147107.51
1119,A50,2005-05-09,PETROL,113481.37
1120,A51,2006-05-10,PETROL,240102.81
1121,A52,2006-07-11,PETROL,280150.49
1122,A53,2005-08-12,PETROL,370493.15
1123,A54,2004-09-13,PETROL,346706.78
1124,A55,2005-11-20,PETROL,352324.46
1125,A56,2006-11-21,PETROL,49398.99
1126,A57,2005-11-22,PETROL,364650.99
1127,A58,2004-11-23,PETROL,340371.19
1128,A59,2005-05-24,PETROL,447626.66
1129,A60,2005-05-25,PETROL,331240.94
1130,A61,2005-05-26,RENTAL,363233.83
1131,A60,2005-05-27,MOVIE TICKET,250272.23
1132,A61,2005-05-28,JEWELLERY,239023.21
1133,A62,2005-05-29,PETROL,268536.95
1134,A36,2005-05-30,PETROL,441375.6
1135,A37,2005-05-31,PETROL,972.66
1136,A38,2005-06-01,PETROL,466143.7
1137,A39,2005-06-02,PETROL,91321.57
1138,A40,2005-06-03,PETROL,422086.33
1139,A41,2005-07-03,PETROL,44439.64
1140,A42,2005-08-03,PETROL,255916.9
1141,A43,2005-09-03,PETROL,74702.68
1142,A44,2005-10-03,PETROL,64615.46
1143,A45,2005-11-03,PETROL,131096.88
1144,A46,2005-12-03,PETROL,223902.41
1145,A47,2006-01-03,PETROL,175283.18
1146,A48,2006-02-03,BIKE,177739.28
1147,A49,2006-03-03,AUTO,187052.06
1148,A50,2006-04-03,SHOPPING,278131.32
1149,A51,2006-05-03,AIR TICKET,189714.74
1150,A52,2006-06-03,BUS TICKET,40531.37
1151,A53,2006-07-03,TRAIN TICKET,488399.04
1152,A54,2006-08-03,RENTAL,425083.22
1153,A55,2006-09-03,MOVIE TICKET,70329.95
1154,A56,2006-10-03,JEWELLERY,156247.17
1155,A57,2006-11-03,PETROL,13756.3
1156,A58,2006-12-03,CLOTHES,167643.95
1157,A59,2004-01-12,FOOD,246626.36
1158,A60,2004-01-03,CAMERA,187831.62
1159,A61,2004-01-15,CAMERA,147299.1
1160,A60,2004-01-25,CAMERA,153892.1
1161,A61,2005-01-17,CAMERA,351215.4
1162,A62,2005-02-23,SHOPPING,332077.43
1163,A36,2005-02-01,AIR TICKET,462544.44
1164,A37,2004-02-05,BUS TICKET,235526.84
1165,A38,2005-02-28,TRAIN TICKET,226426.44
1166,A39,2005-02-16,RENTAL,239709.3
1167,A40,2005-02-23,MOVIE TICKET,490796.93
1168,A41,2005-02-03,JEWELLERY,309443.8
1169,A42,2006-02-04,PETROL,321649.02
1170,A43,2006-03-25,CLOTHES,399124.6
1171,A44,2006-03-31,FOOD,115314.35
1172,A45,2006-03-23,CAMERA,423533.99
1173,A46,2006-03-24,SANDALS,395743.23
1174,A47,2006-03-25,CAR,207519.72
1175,A48,2006-03-26,BIKE,20190.85
1176,A49,2006-03-27,AUTO,166890.16
1177,A50,2006-03-28,SHOPPING,8973.11
1178,A51,2006-03-29,AIR TICKET,12330.03
1179,A52,2006-03-30,BUS TICKET,197099.53
1180,A53,2006-03-31,TRAIN TICKET,199062.97
1181,A54,2006-04-01,RENTAL,410461.33
1182,A55,2006-04-02,MOVIE TICKET,333764.18
1183,A56,2006-04-03,JEWELLERY,55929.85
1184,A57,2006-04-04,PETROL,153475.34
1185,A58,2004-01-12,CLOTHES,389454
1186,A59,2004-01-03,FOOD,452806.53
1187,A60,2004-01-15,CAMERA,214953.66
1188,A61,2004-01-25,CAMERA,211848.96
1189,A60,2004-01-12,CAMERA,293918.67
1190,A61,2004-01-03,CAMERA,213221.11
1191,A62,2004-01-15,SHOPPING,392677.26
1192,A36,2004-01-25,AIR TICKET,299214.61
1193,A37,2004-01-12,BUS TICKET,341536.68
1194,A38,2004-01-03,TRAIN TICKET,274060.46
1195,A39,2004-01-15,RENTAL,452489.19
1196,A40,2004-01-25,MOVIE TICKET,430315.13
1197,A41,2004-01-12,JEWELLERY,285659.5
1198,A42,2004-01-03,PETROL,296594.65
1199,A43,2004-01-15,CLOTHES,172171.32
1200,A44,2004-01-12,FOOD,363995.73
1201,A45,2004-01-03,CAMERA,241139.52
1202,A46,2004-01-15,SANDALS,48389.14
1203,A47,2004-01-25,CAR,167204.15
1204,A48,2005-01-17,BIKE,28569.09
1205,A49,2005-02-23,AUTO,202133.43
1206,A50,2005-02-01,SHOPPING,403456.53
1207,A51,2004-02-05,AIR TICKET,260844.61
1208,A52,2005-02-28,BUS TICKET,307330.8
1209,A53,2005-02-16,TRAIN TICKET,355052.9
1210,A54,2005-02-23,RENTAL,122119.9
1211,A55,2005-02-03,MOVIE TICKET,127432.64
1212,A56,2006-02-04,JEWELLERY,481587.27
1213,A57,2006-03-25,PETROL,149750.73
1214,A58,2006-03-31,CLOTHES,400882.5
1215,A59,2006-03-23,FOOD,274686.56
1216,A60,2004-03-19,CAMERA,305955.6
1217,A61,2006-03-05,CAMERA,237635.09
1218,A60,2005-04-04,CAMERA,316196.2
1219,A61,2006-04-30,CAMERA,347019.23
1220,A62,2004-04-25,SHOPPING,222806.33
1221,A36,2006-04-19,AIR TICKET,119232.67
1222,A37,2004-04-06,BUS TICKET,87633.92
1223,A38,2005-04-27,TRAIN TICKET,136185.87
1224,A39,2004-05-05,RENTAL,197783.17
1225,A40,2006-05-06,MOVIE TICKET,367109.58
1226,A41,2005-05-07,JEWELLERY,186647.63
1227,A42,2006-05-08,PETROL,326633.49
1228,A43,2005-05-09,CLOTHES,425029.19
1229,A44,2006-05-10,FOOD,461242.82
1230,A45,2006-07-11,CAMERA,248061.75
1231,A46,2005-08-12,SANDALS,444175.51
1232,A47,2004-09-13,CAR,411196.65
1233,A48,2005-11-20,BIKE,403772.02
1234,A49,2006-11-21,AUTO,110234.83
1235,A50,2005-11-22,SHOPPING,378836.14
1236,A51,2004-11-23,AIR TICKET,339077.11
1237,A52,2005-05-24,AIR TICKET,313351.15
1238,A53,2005-05-25,AIR TICKET,58911.72
1239,A54,2005-05-26,AIR TICKET,193549.19
1240,A55,2005-05-27,AIR TICKET,450935.8
1241,A56,2005-05-28,AIR TICKET,497368.07
1242,A57,2005-05-29,AIR TICKET,390003.19
1243,A58,2005-05-30,AIR TICKET,194262
1244,A59,2005-05-31,AIR TICKET,365270.93
1245,A60,2005-06-01,AIR TICKET,312826.1
1246,A61,2005-06-02,AIR TICKET,290446.41
1247,A60,2005-06-03,AIR TICKET,268099.23
1248,A61,2005-07-03,AIR TICKET,152889.45
1249,A62,2005-08-03,AIR TICKET,70049.12
1250,A36,2005-09-03,AIR TICKET,185913.62
1251,A37,2005-10-03,AIR TICKET,223294.32
1252,A38,2005-11-03,AIR TICKET,140330.7
1253,A39,2005-12-03,AIR TICKET,65578.12
1254,A40,2006-01-03,AIR TICKET,376503.24
1255,A41,2006-02-03,AIR TICKET,143916.94
1256,A42,2006-03-03,AIR TICKET,83976.45
1257,A43,2006-04-03,AIR TICKET,8806.98
1258,A44,2006-05-03,AIR TICKET,140018.81
1259,A45,2006-06-03,AIR TICKET,7553.18
1260,A46,2006-07-03,AIR TICKET,191003.23
1261,A47,2006-08-03,AIR TICKET,380701.19
1262,A48,2006-09-03,AIR TICKET,34763.1
1263,A49,2006-10-03,JEWELLERY,431106.59
1264,A50,2006-11-03,PETROL,334520.52
1265,A51,2006-12-03,CLOTHES,338487.58
1266,A52,2004-01-12,FOOD,178238.22
1267,A53,2004-01-03,CAMERA,431043.38
1268,A54,2004-01-15,CAMERA,161266.69
1269,A55,2004-01-25,CAMERA,412896.35
1270,A56,2005-01-17,CAMERA,474957.29
1271,A57,2005-02-23,SHOPPING,19910.49
1272,A58,2005-02-01,AIR TICKET,79949.77
1273,A59,2004-02-05,BUS TICKET,148214.1
1274,A60,2005-02-28,TRAIN TICKET,268335.38
1275,A61,2005-02-16,RENTAL,26620.47
1276,A60,2005-02-23,MOVIE TICKET,451093.63
1277,A61,2005-02-03,JEWELLERY,36566.43
1278,A62,2006-02-04,PETROL,360832.43
1279,A36,2006-03-25,CLOTHES,402971.3
1280,A37,2006-03-31,CLOTHES,360275.66
1281,A38,2006-03-23,CLOTHES,240838.12
1282,A39,2006-03-24,CLOTHES,304227.82
1283,A40,2006-03-25,CLOTHES,457306.26
1284,A41,2006-03-26,CLOTHES,60184.03
1285,A42,2006-03-27,CLOTHES,122304.99
1286,A43,2006-03-28,CLOTHES,446363.89
1287,A44,2006-03-29,CLOTHES,259755.18
1288,A45,2006-03-30,CLOTHES,264508.2
1289,A46,2006-03-31,TRAIN TICKET,467881.05
1290,A47,2006-04-01,RENTAL,80959.08
1291,A48,2006-04-02,MOVIE TICKET,325305.43
1292,A49,2006-04-03,JEWELLERY,308092.12
1293,A50,2006-04-04,PETROL,230134.29
1294,A51,2004-01-12,CLOTHES,485688.73
1295,A52,2004-01-03,FOOD,313374.22
1296,A53,2004-01-15,CAMERA,213228.84
1297,A54,2004-01-25,CAMERA,494457.44
1298,A55,2004-01-12,CAMERA,244092.6
1299,A56,2004-01-03,CAMERA,194695.72
1300,A57,2004-01-15,SHOPPING,199186.44
1301,A58,2004-01-25,AIR TICKET,281284.63
1302,A59,2004-01-12,BUS TICKET,176363.47
1303,A60,2004-01-03,TRAIN TICKET,454349.36
1304,A61,2004-01-15,RENTAL,396858.13
1305,A60,2004-01-25,MOVIE TICKET,445859.26
1306,A61,2004-01-12,JEWELLERY,403777.74
1307,A62,2004-01-03,PETROL,361346.18
1308,A36,2004-01-15,CLOTHES,78835.86
1309,A37,2004-01-12,FOOD,325716.97
1310,A38,2004-01-03,CAMERA,447673.43
1311,A39,2004-01-15,SANDALS,152794.71
1312,A40,2004-01-25,CAR,472337.13
1313,A41,2005-01-17,BIKE,349764.68
1314,A42,2005-02-23,AUTO,191608.25
1315,A43,2005-02-01,SHOPPING,6445.55
1316,A44,2004-02-05,AIR TICKET,53951.61
1317,A45,2005-02-28,BUS TICKET,300960.46
1318,A46,2005-02-16,TRAIN TICKET,330132.62
1319,A47,2005-02-23,TRAIN TICKET,89297.76
1320,A48,2005-02-03,TRAIN TICKET,360016.22
1321,A49,2006-02-04,TRAIN TICKET,327690.67
1322,A50,2006-03-25,TRAIN TICKET,67583.69
1323,A51,2006-03-31,TRAIN TICKET,89571.94
1324,A52,2006-03-23,TRAIN TICKET,336196.48
1325,A53,2004-03-19,TRAIN TICKET,63888.88
1326,A54,2006-03-05,TRAIN TICKET,108824.87
1327,A55,2005-04-04,TRAIN TICKET,416430.15
1328,A56,2006-04-30,TRAIN TICKET,249003.25
1329,A57,2004-04-25,TRAIN TICKET,245152.21
1330,A58,2006-04-19,TRAIN TICKET,342976.2
1331,A59,2004-04-06,TRAIN TICKET,381428.67
1332,A60,2005-04-27,TRAIN TICKET,447530.58
1333,A61,2004-05-05,RENTAL,452028.03
1334,A60,2006-05-06,MOVIE TICKET,388063.32
1335,A61,2005-05-07,JEWELLERY,282168.93
1336,A62,2006-05-08,PETROL,16782.6
1337,A36,2005-05-09,CLOTHES,408892.04
1338,A37,2006-05-10,FOOD,44387.34
1339,A38,2006-07-11,CAMERA,412599.88
1340,A39,2005-08-12,SANDALS,398772.94
1341,A40,2004-09-13,CAR,129309.31
1342,A41,2005-11-20,BIKE,488800.78
1343,A42,2006-11-21,AUTO,75620.93
1344,A43,2005-11-22,SHOPPING,348851.17
1345,A44,2004-11-23,AIR TICKET,147669.99
1346,A45,2005-05-24,BUS TICKET,393767.3
1347,A46,2005-05-25,TRAIN TICKET,344405.24
1348,A47,2005-05-26,RENTAL,388218.55
1349,A48,2005-05-27,MOVIE TICKET,258540.55
1350,A49,2005-05-28,JEWELLERY,189462.58
1351,A50,2005-05-29,PETROL,194148.58
1352,A51,2005-05-30,PETROL,191971.9
1353,A52,2005-05-31,PETROL,489352.86
1354,A53,2005-06-01,PETROL,110241.42
1355,A54,2005-06-02,PETROL,155278.41
1356,A55,2005-06-03,PETROL,496185.13
1357,A56,2005-07-03,PETROL,226224.39
1358,A57,2005-08-03,PETROL,113117.61
1359,A58,2005-09-03,PETROL,209639.64
1360,A59,2005-10-03,PETROL,379105.49
1361,A60,2005-11-03,PETROL,196457.74
1362,A61,2005-12-03,PETROL,62914.03
1363,A60,2006-01-03,PETROL,30614.56
1364,A61,2006-02-03,PETROL,126283.33
1365,A62,2006-03-03,CAR,285498.52
1366,A36,2006-04-03,BIKE,8391.95
1367,A37,2006-05-03,AUTO,53750.45
1368,A38,2006-06-03,SHOPPING,467923.97
1369,A39,2006-07-03,AIR TICKET,250483.5
1370,A40,2006-08-03,BUS TICKET,204066.99
1371,A41,2006-09-03,TRAIN TICKET,302730.7
1372,A42,2006-10-03,RENTAL,78453.76
1373,A43,2006-11-03,MOVIE TICKET,250480.13
1374,A44,2006-12-03,JEWELLERY,313591.17
1375,A45,2004-01-12,PETROL,210905.85
1376,A46,2004-01-03,CLOTHES,53907.13
1377,A47,2004-01-15,CLOTHES,499793.49
1378,A48,2004-01-25,CLOTHES,124515.22
1379,A49,2005-01-17,CLOTHES,104533.09
1380,A50,2005-02-23,CLOTHES,285724.8
1381,A51,2005-02-01,CLOTHES,442353.98
1382,A52,2004-02-05,CLOTHES,290123.86
1383,A53,2005-02-28,CLOTHES,389005.53
1384,A54,2005-02-16,CLOTHES,91140.13
1385,A55,2005-02-23,CLOTHES,490040.9
1386,A56,2005-02-03,CLOTHES,276525.82
1387,A57,2006-02-04,CLOTHES,129110.67
1388,A58,2006-03-25,JEWELLERY,348861.19
1389,A59,2006-03-31,PETROL,67835.3
1390,A60,2006-03-23,CLOTHES,167160.18
1391,A61,2006-03-24,FOOD,151908.02
1392,A60,2006-03-25,FOOD,153147.63
1393,A61,2006-03-26,FOOD,111315.17
1394,A62,2006-03-27,FOOD,54486.22
1395,A36,2006-03-28,FOOD,418646.15
1396,A37,2006-03-29,FOOD,31471.75
1397,A38,2006-03-30,FOOD,338873.06
1398,A39,2006-03-31,FOOD,416672.65
1399,A40,2006-04-01,FOOD,236231.22
1400,A41,2006-04-02,FOOD,147603.88
1401,A42,2006-04-03,RENTAL,84931.16
1402,A43,2006-04-04,MOVIE TICKET,458181.61
1403,A44,2004-01-12,JEWELLERY,150962.18
1404,A45,2004-01-03,PETROL,395544.28
1405,A46,2004-01-15,CLOTHES,107439.53
1406,A47,2004-01-25,FOOD,321181.13
1407,A48,2004-01-12,CAMERA,268465.71
1408,A49,2004-01-03,CAMERA,144163.36
1409,A50,2004-01-15,CAMERA,429836.26
1410,A51,2004-01-25,CAMERA,443043.39
1411,A52,2004-01-12,SHOPPING,313571
1412,A53,2004-01-03,AIR TICKET,461071.15
1413,A54,2004-01-15,AIR TICKET,98748.94
1414,A55,2004-01-25,AIR TICKET,456080.65
1415,A56,2004-01-12,AIR TICKET,316155.21
1416,A57,2004-01-03,AIR TICKET,162490.62
1417,A58,2004-01-15,AIR TICKET,392868.39
1418,A59,2004-01-12,AIR TICKET,495771.8
1419,A60,2004-01-03,AIR TICKET,262521.84
1420,A61,2004-01-15,AIR TICKET,3313.37
1421,A60,2004-01-25,AIR TICKET,4977.49
1422,A61,2005-01-17,AIR TICKET,443356.07
1423,A62,2005-02-23,AIR TICKET,159734.23
1424,A36,2005-02-01,AIR TICKET,229724.45
1425,A37,2004-02-05,AIR TICKET,111152.18
1426,A38,2005-02-28,AIR TICKET,397634.72
1427,A39,2005-02-16,AIR TICKET,211569.74
1428,A40,2005-02-23,BUS TICKET,376766.34
1429,A41,2005-02-03,TRAIN TICKET,42447.06
1430,A42,2006-02-04,RENTAL,445304.14
1431,A43,2006-03-25,MOVIE TICKET,132133.11
1432,A44,2006-03-31,JEWELLERY,219556.74
1433,A45,2006-03-23,JEWELLERY,298900.61
1434,A46,2004-03-19,JEWELLERY,468872.11
1435,A47,2006-03-05,JEWELLERY,51935.69
1436,A48,2005-04-04,JEWELLERY,218304.93
1437,A49,2006-04-30,JEWELLERY,496680.91
1438,A50,2004-04-25,JEWELLERY,333534.98
1439,A51,2006-04-19,JEWELLERY,144892.7
1440,A52,2004-04-06,JEWELLERY,91769.02
1441,A53,2005-04-27,JEWELLERY,129641.87
1442,A54,2004-05-05,JEWELLERY,139648.2
1443,A55,2006-05-06,JEWELLERY,192843.3
1444,A56,2005-05-07,JEWELLERY,110809.17
1445,A57,2006-05-08,JEWELLERY,116195.53
1446,A58,2005-05-09,JEWELLERY,62814.73
1447,A59,2006-05-10,JEWELLERY,240006.76
1448,A60,2006-07-11,JEWELLERY,474907.71
1449,A61,2005-08-12,AIR TICKET,487680.73
1450,A60,2004-09-13,BUS TICKET,316498.85
1451,A61,2005-11-20,BUS TICKET,379397.99
1452,A62,2006-11-21,BUS TICKET,186080.25
1453,A63,2005-11-22,BUS TICKET,377131.64
1454,A36,2004-11-23,BUS TICKET,346942.78
1455,A37,2005-05-24,BUS TICKET,465683.38
1456,A38,2005-05-25,BUS TICKET,388061.14
1457,A39,2005-05-26,BUS TICKET,482512.25
1458,A40,2005-05-27,BUS TICKET,338275.82
1459,A41,2005-05-28,BUS TICKET,138408.27
1460,A42,2005-05-29,BUS TICKET,417365.17
1461,A43,2005-05-30,CAMERA,182523.86
1462,A44,2005-05-31,SHOPPING,42313.6
1463,A45,2005-06-01,AIR TICKET,443959.84
1464,A46,2005-06-02,BUS TICKET,139519.21
1465,A47,2005-06-03,TRAIN TICKET,293023.11
1466,A48,2005-07-03,RENTAL,377531.79
1467,A49,2005-08-03,MOVIE TICKET,251942.06
1468,A50,2005-09-03,MOVIE TICKET,82299.94
1469,A51,2005-10-03,MOVIE TICKET,21787.94
1470,A52,2005-11-03,MOVIE TICKET,258132.93
1471,A53,2005-12-03,MOVIE TICKET,85235.64
1472,A54,2006-01-03,MOVIE TICKET,292020.54
1473,A55,2006-02-03,MOVIE TICKET,15199.55
1474,A56,2006-03-03,MOVIE TICKET,327358.8
1475,A57,2006-04-03,MOVIE TICKET,92101.32
1476,A58,2006-05-03,AUTO,163775.96
1477,A59,2006-06-03,SHOPPING,43493.07
1478,A60,2006-07-03,AIR TICKET,273977.69
1479,A61,2006-08-03,BUS TICKET,294180.68
1480,A60,2006-09-03,TRAIN TICKET,209649.02
1481,A61,2006-10-03,RENTAL,8682.98
1482,A62,2006-11-03,MOVIE TICKET,481412.75
1483,A56,2006-12-03,JEWELLERY,223628.27
1484,A57,2004-01-12,PETROL,179402.44
1485,A58,2004-01-03,CLOTHES,383742.74
1486,A59,2004-01-15,FOOD,181115.2
1487,A60,2004-01-25,CAMERA,240648.48
1488,A61,2005-01-17,CAMERA,393623.57
1489,A60,2005-02-23,CAMERA,384933.82
1490,A61,2005-02-01,CAMERA,90754.27
1491,A62,2004-02-05,SHOPPING,333488.91
1492,A63,2005-02-28,AIR TICKET,244678.86
1493,A64,2005-02-16,BUS TICKET,468684.01
1494,A65,2005-02-23,BUS TICKET,98178.42
1495,A66,2005-02-03,BUS TICKET,162670.43
1496,A67,2006-02-04,BUS TICKET,356872.73
1497,A68,2006-03-25,BUS TICKET,204971.1
1498,A69,2006-03-31,BUS TICKET,50449.44
1499,A70,2006-03-23,BUS TICKET,80593.94
1500,A71,2006-03-24,BUS TICKET,194447.62
